DATE,ATNHPIUS48620Q
2000-01-01,120.12
2000-04-01,119.3
2000-07-01,121.42
2000-10-01,123.41
2001-01-01,125.63
2001-04-01,126.82
2001-07-01,128.26
2001-10-01,128.87
2002-01-01,130.46
2002-04-01,131.42
2002-07-01,132.03
2002-10-01,133.81
2003-01-01,133.95
2003-04-01,135.38
2003-07-01,135.78
2003-10-01,137.27
2004-01-01,138.75
2004-04-01,139.61
2004-07-01,140.54
2004-10-01,140.55
2005-01-01,141.33
2005-04-01,143.14
2005-07-01,144.62
2005-10-01,146.21
2006-01-01,144.79
2006-04-01,146.78
2006-07-01,148.75
2006-10-01,148.56
2007-01-01,150.31
2007-04-01,154.16
2007-07-01,153.58
2007-10-01,155.34
2008-01-01,155.54
2008-04-01,157.14
2008-07-01,155.06
2008-10-01,155.55
2009-01-01,157.73
2009-04-01,157.88
2009-07-01,157.43
2009-10-01,156.56
2010-01-01,155.67
2010-04-01,156.08
2010-07-01,158.01
2010-10-01,156.22
2011-01-01,154.56
2011-04-01,153.27
2011-07-01,153.0
2011-10-01,155.0
2012-01-01,153.01
2012-04-01,151.03
2012-07-01,152.75
2012-10-01,153.26
2013-01-01,155.22
2013-04-01,153.13
2013-07-01,154.27
2013-10-01,153.4
2014-01-01,152.27
2014-04-01,152.92
2014-07-01,157.04
2014-10-01,156.95
2015-01-01,159.91
2015-04-01,159.88
2015-07-01,161.63
2015-10-01,160.15
2016-01-01,162.91
2016-04-01,164.92
2016-07-01,167.74
2016-10-01,168.74
2017-01-01,166.08
2017-04-01,171.41
2017-07-01,174.88
2017-10-01,173.5
2018-01-01,175.62
2018-04-01,177.53
2018-07-01,180.58
2018-10-01,179.39
2019-01-01,180.99
2019-04-01,186.9
2019-07-01,187.06
2019-10-01,188.03
2020-01-01,191.71
2020-04-01,194.7
2020-07-01,199.07
2020-10-01,202.74
2021-01-01,206.2
2021-04-01,220.1
2021-07-01,227.05
2021-10-01,231.24
2022-01-01,239.63
2022-04-01,256.15
2022-07-01,259.6
2022-10-01,257.83
2023-01-01,260.76
2023-04-01,269.46
2023-07-01,277.99
2023-10-01,278.54
2024-01-01,280.56
2024-04-01,290.92
2024-07-01,293.55
2024-10-01,292.33
2025-01-01,296.28
2025-04-01,299.17
2025-07-01,303.08
2025-10-01,303.06
2026-01-01,310.78
2026-04-01,312.75
