DATE,DALL148NAN
2000-01-01,2718.9
2000-02-01,2737.2
2000-03-01,2761.6
2000-04-01,2775.7
2000-05-01,2798.5
2000-06-01,2824.7
2000-07-01,2804.5
2000-08-01,2817.1
2000-09-01,2829.5
2000-10-01,2835.8
2000-11-01,2844.9
2000-12-01,2858.5
2001-01-01,2801.9
2001-02-01,2815.5
2001-03-01,2831.0
2001-04-01,2831.4
2001-05-01,2835.2
2001-06-01,2845.1
2001-07-01,2807.7
2001-08-01,2816.2
2001-09-01,2807.6
2001-10-01,2788.6
2001-11-01,2781.6
2001-12-01,2777.9
2002-01-01,2723.7
2002-02-01,2730.5
2002-03-01,2744.8
2002-04-01,2745.5
2002-05-01,2756.6
2002-06-01,2758.3
2002-07-01,2728.5
2002-08-01,2738.4
2002-09-01,2740.4
2002-10-01,2735.6
2002-11-01,2741.9
2002-12-01,2741.4
2003-01-01,2680.9
2003-02-01,2689.1
2003-03-01,2694.5
2003-04-01,2699.9
2003-05-01,2706.5
2003-06-01,2706.6
2003-07-01,2683.6
2003-08-01,2693.7
2003-09-01,2703.5
2003-10-01,2713.6
2003-11-01,2720.7
2003-12-01,2723.9
2004-01-01,2676.7
2004-02-01,2691.0
2004-03-01,2709.6
2004-04-01,2727.0
2004-05-01,2735.9
2004-06-01,2737.4
2004-07-01,2730.8
2004-08-01,2744.4
2004-09-01,2752.6
2004-10-01,2771.1
2004-11-01,2777.6
2004-12-01,2786.7
2005-01-01,2728.5
2005-02-01,2747.0
2005-03-01,2765.1
2005-04-01,2790.5
2005-05-01,2801.3
2005-06-01,2809.2
2005-07-01,2806.3
2005-08-01,2820.5
2005-09-01,2837.2
2005-10-01,2849.3
2005-11-01,2867.5
2005-12-01,2871.8
2006-01-01,2824.1
2006-02-01,2844.2
2006-03-01,2865.6
2006-04-01,2881.5
2006-05-01,2897.9
2006-06-01,2913.8
2006-07-01,2889.7
2006-08-01,2912.8
2006-09-01,2927.0
2006-10-01,2935.0
2006-11-01,2957.8
2006-12-01,2970.0
2007-01-01,2906.0
2007-02-01,2935.0
2007-03-01,2962.9
2007-04-01,2969.4
2007-05-01,2987.3
2007-06-01,3001.4
2007-07-01,2974.6
2007-08-01,2993.9
2007-09-01,3004.0
2007-10-01,3023.0
2007-11-01,3041.1
2007-12-01,3049.2
2008-01-01,2991.1
2008-02-01,3013.8
2008-03-01,3024.2
2008-04-01,3029.3
2008-05-01,3048.0
2008-06-01,3047.2
2008-07-01,3022.2
2008-08-01,3027.0
2008-09-01,3023.6
2008-10-01,3029.0
2008-11-01,3022.1
2008-12-01,3019.2
2009-01-01,2937.6
2009-02-01,2932.8
2009-03-01,2930.5
2009-04-01,2924.6
2009-05-01,2929.3
2009-06-01,2920.3
2009-07-01,2891.7
2009-08-01,2892.0
2009-09-01,2887.6
2009-10-01,2902.2
2009-11-01,2905.8
2009-12-01,2910.3
2010-01-01,2852.3
2010-02-01,2864.0
2010-03-01,2887.3
2010-04-01,2899.8
2010-05-01,2924.6
2010-06-01,2931.6
2010-07-01,2907.2
2010-08-01,2914.1
2010-09-01,2918.4
2010-10-01,2948.2
2010-11-01,2956.2
2010-12-01,2966.6
2011-01-01,2912.5
2011-02-01,2926.7
2011-03-01,2954.0
2011-04-01,2976.8
2011-05-01,2989.1
2011-06-01,3002.5
2011-07-01,2987.4
2011-08-01,2998.2
2011-09-01,3010.4
2011-10-01,3019.3
2011-11-01,3032.3
2011-12-01,3039.7
2012-01-01,2988.2
2012-02-01,3011.6
2012-03-01,3034.3
2012-04-01,3049.6
2012-05-01,3067.0
2012-06-01,3080.8
2012-07-01,3053.3
2012-08-01,3073.2
2012-09-01,3081.8
2012-10-01,3100.4
2012-11-01,3124.2
2012-12-01,3131.9
2013-01-01,3062.5
2013-02-01,3092.7
2013-03-01,3112.2
2013-04-01,3129.1
2013-05-01,3150.2
2013-06-01,3167.8
2013-07-01,3151.9
2013-08-01,3171.6
2013-09-01,3181.8
2013-10-01,3198.0
2013-11-01,3224.6
2013-12-01,3226.6
2014-01-01,3168.5
2014-02-01,3194.4
2014-03-01,3215.9
2014-04-01,3239.9
2014-05-01,3262.1
2014-06-01,3279.5
2014-07-01,3260.7
2014-08-01,3278.8
2014-09-01,3288.1
2014-10-01,3318.5
2014-11-01,3342.2
2014-12-01,3357.9
2015-01-01,3301.9
2015-02-01,3325.2
2015-03-01,3330.6
2015-04-01,3356.9
2015-05-01,3378.1
2015-06-01,3394.9
2015-07-01,3385.0
2015-08-01,3395.9
2015-09-01,3400.7
2015-10-01,3429.0
2015-11-01,3443.5
2015-12-01,3455.7
2016-01-01,3405.4
2016-02-01,3431.0
2016-03-01,3438.1
2016-04-01,3466.3
2016-05-01,3481.8
2016-06-01,3488.6
2016-07-01,3479.9
2016-08-01,3494.5
2016-09-01,3510.6
2016-10-01,3529.1
2016-11-01,3554.7
2016-12-01,3563.1
2017-01-01,3507.1
2017-02-01,3529.5
2017-03-01,3541.7
2017-04-01,3556.4
2017-05-01,3572.2
2017-06-01,3590.0
2017-07-01,3564.2
2017-08-01,3579.0
2017-09-01,3590.1
2017-10-01,3620.4
2017-11-01,3650.2
2017-12-01,3650.0
2018-01-01,3585.4
2018-02-01,3611.6
2018-03-01,3622.8
2018-04-01,3633.5
2018-05-01,3657.4
2018-06-01,3677.4
2018-07-01,3659.1
2018-08-01,3675.7
2018-09-01,3679.0
2018-10-01,3709.7
2018-11-01,3738.3
2018-12-01,3743.1
2019-01-01,3679.7
2019-02-01,3704.3
2019-03-01,3712.8
2019-04-01,3729.9
2019-05-01,3753.1
2019-06-01,3768.5
2019-07-01,3761.3
2019-08-01,3778.9
2019-09-01,3782.9
2019-10-01,3821.5
2019-11-01,3858.6
2019-12-01,3857.1
2020-01-01,3795.0
2020-02-01,3815.8
2020-03-01,3796.2
2020-04-01,3390.9
2020-05-01,3475.9
2020-06-01,3555.4
2020-07-01,3562.9
2020-08-01,3600.9
2020-09-01,3622.4
2020-10-01,3693.6
2020-11-01,3723.8
2020-12-01,3739.4
2021-01-01,3686.2
2021-02-01,3687.8
2021-03-01,3728.4
2021-04-01,3754.5
2021-05-01,3775.9
2021-06-01,3799.0
2021-07-01,3823.6
2021-08-01,3841.5
2021-09-01,3854.6
2021-10-01,3933.6
2021-11-01,3970.2
2021-12-01,3988.3
2022-01-01,3923.2
2022-02-01,3966.4
2022-03-01,3978.9
2022-04-01,4024.3
2022-05-01,4044.2
2022-06-01,4053.4
2022-07-01,4080.8
2022-08-01,4109.5
2022-09-01,4116.4
2022-10-01,4161.5
2022-11-01,4185.3
2022-12-01,4177.6
2023-01-01,4134.5
2023-02-01,4149.7
2023-03-01,4161.5
2023-04-01,4183.2
2023-05-01,4198.5
2023-06-01,4207.3
2023-07-01,4191.9
2023-08-01,4211.4
2023-09-01,4209.7
2023-10-01,4238.1
2023-11-01,4262.8
2023-12-01,4259.0
2024-01-01,4203.7
2024-02-01,4218.2
2024-03-01,4219.9
2024-04-01,4242.0
2024-05-01,4261.4
2024-06-01,4262.0
2024-07-01,4246.1
2024-08-01,4268.5
2024-09-01,4266.9
2024-10-01,4304.3
2024-11-01,4328.8
2024-12-01,4328.2
2025-01-01,4256.9
2025-02-01,4274.3
2025-03-01,4279.5
2025-04-01,4308.2
2025-05-01,4325.6
2025-06-01,4308.7
2025-07-01,4299.4
2025-08-01,4313.9
2025-09-01,4308.2
2025-10-01,4333.9
2025-11-01,4348.0
2025-12-01,4356.1
2026-01-01,4291.9
2026-02-01,4298.5
2026-03-01,4318.2
2026-04-01,4335.3
2026-05-01,4352.0
2026-06-01,4367.2
2026-07-01,4350.1
2026-08-01,4357.0
