DATE,DALL148LF
2000-01-01,2845368.0
2000-02-01,2845345.0
2000-03-01,2846242.0
2000-04-01,2848336.0
2000-05-01,2850249.0
2000-06-01,2851941.0
2000-07-01,2853281.0
2000-08-01,2855263.0
2000-09-01,2859283.0
2000-10-01,2865722.0
2000-11-01,2874134.0
2000-12-01,2883121.0
2001-01-01,2891163.0
2001-02-01,2897471.0
2001-03-01,2901554.0
2001-04-01,2903153.0
2001-05-01,2902905.0
2001-06-01,2901709.0
2001-07-01,2900494.0
2001-08-01,2899283.0
2001-09-01,2898673.0
2001-10-01,2899643.0
2001-11-01,2902391.0
2001-12-01,2906858.0
2002-01-01,2912572.0
2002-02-01,2918069.0
2002-03-01,2922173.0
2002-04-01,2924653.0
2002-05-01,2925804.0
2002-06-01,2926283.0
2002-07-01,2926575.0
2002-08-01,2927039.0
2002-09-01,2927771.0
2002-10-01,2928239.0
2002-11-01,2928579.0
2002-12-01,2928916.0
2003-01-01,2929961.0
2003-02-01,2932273.0
2003-03-01,2935346.0
2003-04-01,2937615.0
2003-05-01,2938050.0
2003-06-01,2936697.0
2003-07-01,2934121.0
2003-08-01,2931275.0
2003-09-01,2929161.0
2003-10-01,2928646.0
2003-11-01,2930202.0
2003-12-01,2933606.0
2004-01-01,2937663.0
2004-02-01,2941378.0
2004-03-01,2944654.0
2004-04-01,2947150.0
2004-05-01,2949244.0
2004-06-01,2951962.0
2004-07-01,2956862.0
2004-08-01,2964417.0
2004-09-01,2974246.0
2004-10-01,2984924.0
2004-11-01,2994475.0
2004-12-01,3002103.0
2005-01-01,3007511.0
2005-02-01,3010776.0
2005-03-01,3012908.0
2005-04-01,3015612.0
2005-05-01,3019607.0
2005-06-01,3025141.0
2005-07-01,3031911.0
2005-08-01,3038846.0
2005-09-01,3044895.0
2005-10-01,3049144.0
2005-11-01,3051397.0
2005-12-01,3052010.0
2006-01-01,3052581.0
2006-02-01,3054787.0
2006-03-01,3059238.0
2006-04-01,3065603.0
2006-05-01,3072664.0
2006-06-01,3079139.0
2006-07-01,3084691.0
2006-08-01,3089844.0
2006-09-01,3094514.0
2006-10-01,3098459.0
2006-11-01,3101394.0
2006-12-01,3102719.0
2007-01-01,3102186.0
2007-02-01,3100258.0
2007-03-01,3097386.0
2007-04-01,3095057.0
2007-05-01,3094296.0
2007-06-01,3095352.0
2007-07-01,3098463.0
2007-08-01,3103884.0
2007-09-01,3110920.0
2007-10-01,3118350.0
2007-11-01,3124835.0
2007-12-01,3130274.0
2008-01-01,3134702.0
2008-02-01,3138191.0
2008-03-01,3141288.0
2008-04-01,3144391.0
2008-05-01,3147789.0
2008-06-01,3151438.0
2008-07-01,3154146.0
2008-08-01,3155611.0
2008-09-01,3156061.0
2008-10-01,3155804.0
2008-11-01,3155131.0
2008-12-01,3154017.0
2009-01-01,3152597.0
2009-02-01,3152195.0
2009-03-01,3153691.0
2009-04-01,3157243.0
2009-05-01,3197044.0
2009-06-01,3202507.0
2009-07-01,3207037.0
2009-08-01,3209557.0
2009-09-01,3209679.0
2009-10-01,3207906.0
2009-11-01,3205956.0
2009-12-01,3206116.0
2010-01-01,3261019.0
2010-02-01,3265389.0
2010-03-01,3270124.0
2010-04-01,3274673.0
2010-05-01,3278486.0
2010-06-01,3281476.0
2010-07-01,3284244.0
2010-08-01,3287410.0
2010-09-01,3290906.0
2010-10-01,3294554.0
2010-11-01,3297884.0
2010-12-01,3301089.0
2011-01-01,3305265.0
2011-02-01,3311056.0
2011-03-01,3317964.0
2011-04-01,3325657.0
2011-05-01,3334226.0
2011-06-01,3342859.0
2011-07-01,3350332.0
2011-08-01,3355639.0
2011-09-01,3358693.0
2011-10-01,3360051.0
2011-11-01,3360000.0
2011-12-01,3359390.0
2012-01-01,3359889.0
2012-02-01,3362901.0
2012-03-01,3368092.0
2012-04-01,3373710.0
2012-05-01,3378450.0
2012-06-01,3381678.0
2012-07-01,3383420.0
2012-08-01,3384532.0
2012-09-01,3385912.0
2012-10-01,3387758.0
2012-11-01,3390196.0
2012-12-01,3393234.0
2013-01-01,3396855.0
2013-02-01,3401498.0
2013-03-01,3407635.0
2013-04-01,3415675.0
2013-05-01,3424285.0
2013-06-01,3431967.0
2013-07-01,3438059.0
2013-08-01,3441985.0
2013-09-01,3444129.0
2013-10-01,3446258.0
2013-11-01,3449730.0
2013-12-01,3454842.0
2014-01-01,3461212.0
2014-02-01,3468481.0
2014-03-01,3476251.0
2014-04-01,3483577.0
2014-05-01,3490147.0
2014-06-01,3496138.0
2014-07-01,3500899.0
2014-08-01,3504807.0
2014-09-01,3508261.0
2014-10-01,3510447.0
2014-11-01,3510771.0
2014-12-01,3510419.0
2015-01-01,3510649.0
2015-02-01,3512400.0
2015-03-01,3516367.0
2015-04-01,3522260.0
2015-05-01,3529038.0
2015-06-01,3535447.0
2015-07-01,3541042.0
2015-08-01,3545755.0
2015-09-01,3550555.0
2015-10-01,3557546.0
2015-11-01,3567622.0
2015-12-01,3579698.0
2016-01-01,3592424.0
2016-02-01,3604230.0
2016-03-01,3614631.0
2016-04-01,3623969.0
2016-05-01,3632900.0
2016-06-01,3641504.0
2016-07-01,3649936.0
2016-08-01,3658189.0
2016-09-01,3666404.0
2016-10-01,3674567.0
2016-11-01,3683230.0
2016-12-01,3692630.0
2017-01-01,3702132.0
2017-02-01,3710947.0
2017-03-01,3718266.0
2017-04-01,3724689.0
2017-05-01,3730769.0
2017-06-01,3737073.0
2017-07-01,3744047.0
2017-08-01,3751389.0
2017-09-01,3759092.0
2017-10-01,3767169.0
2017-11-01,3775430.0
2017-12-01,3783553.0
2018-01-01,3791562.0
2018-02-01,3799795.0
2018-03-01,3807570.0
2018-04-01,3813323.0
2018-05-01,3816620.0
2018-06-01,3818516.0
2018-07-01,3820212.0
2018-08-01,3823556.0
2018-09-01,3829417.0
2018-10-01,3837632.0
2018-11-01,3847253.0
2018-12-01,3855971.0
2019-01-01,3861818.0
2019-02-01,3864700.0
2019-03-01,3866413.0
2019-04-01,3869395.0
2019-05-01,3875205.0
2019-06-01,3884841.0
2019-07-01,3898085.0
2019-08-01,3913039.0
2019-09-01,3927678.0
2019-10-01,3940549.0
2019-11-01,3951798.0
2019-12-01,3961864.0
2020-01-01,3971347.0
2020-02-01,3980142.0
2020-03-01,3909809.0
2020-04-01,3738292.0
2020-05-01,3860981.0
2020-06-01,3895449.0
2020-07-01,3926359.0
2020-08-01,3926780.0
2020-09-01,3975835.0
2020-10-01,3994321.0
2020-11-01,4009217.0
2020-12-01,4021200.0
2021-01-01,4031142.0
2021-02-01,4040014.0
2021-03-01,4048587.0
2021-04-01,4056852.0
2021-05-01,4065686.0
2021-06-01,4075635.0
2021-07-01,4087642.0
2021-08-01,4102088.0
2021-09-01,4119128.0
2021-10-01,4138261.0
2021-11-01,4157801.0
2021-12-01,4176178.0
2022-01-01,4192518.0
2022-02-01,4205487.0
2022-03-01,4215293.0
2022-04-01,4223039.0
2022-05-01,4230342.0
2022-06-01,4238429.0
2022-07-01,4247771.0
2022-08-01,4258537.0
2022-09-01,4270673.0
2022-10-01,4284608.0
2022-11-01,4300403.0
2022-12-01,4317179.0
2023-01-01,4332892.0
2023-02-01,4346356.0
2023-03-01,4357649.0
2023-04-01,4367235.0
2023-05-01,4375443.0
2023-06-01,4383105.0
2023-07-01,4390931.0
2023-08-01,4398705.0
2023-09-01,4406041.0
2023-10-01,4412891.0
2023-11-01,4419712.0
2023-12-01,4427042.0
2024-01-01,4435287.0
2024-02-01,4444874.0
2024-03-01,4455231.0
2024-04-01,4465966.0
2024-05-01,4477214.0
2024-06-01,4488222.0
2024-07-01,4498215.0
2024-08-01,4507165.0
2024-09-01,4514246.0
2024-10-01,4519080.0
2024-11-01,4522859.0
2024-12-01,4527410.0
2025-01-01,4533396.0
2025-02-01,4539939.0
2025-03-01,4545903.0
2025-04-01,4551526.0
2025-05-01,4557349.0
2025-06-01,4563560.0
2025-07-01,4569712.0
2025-08-01,4574643.0
2025-09-01,4578272.0
2025-10-01,
2025-11-01,4578770.0
2025-12-01,4577739.0
2026-01-01,4573624.0
2026-02-01,4569263.0
2026-03-01,4566027.0
2026-04-01,4563805.0
2026-05-01,4568365.0
2026-06-01,4570380.0
2026-07-01,4573193.0
2026-08-01,4579348.0
