DATE,DALL148BPPRIVSA
2000-01-01,3265.94129363172
2000-02-01,3506.36654052735
2000-03-01,3347.4907523045
2000-04-01,3852.4069818417
2000-05-01,3431.93383330663
2000-06-01,3561.29951174138
2000-07-01,2958.01780169515
2000-08-01,3633.49677906536
2000-09-01,3919.29479598913
2000-10-01,3910.2372130398
2000-11-01,3733.79301898023
2000-12-01,3541.67861795073
2001-01-01,4259.00400435036
2001-02-01,3882.25585450639
2001-03-01,4266.62150793867
2001-04-01,3622.34387559649
2001-05-01,4342.6323871704
2001-06-01,3917.21443478198
2001-07-01,4198.81388733134
2001-08-01,3370.91620759811
2001-09-01,3625.61384394757
2001-10-01,4096.25542988198
2001-11-01,4837.39123343735
2001-12-01,4517.40041314634
2002-01-01,4016.3312058948
2002-02-01,3844.34729925612
2002-03-01,4171.32614932745
2002-04-01,4274.91889622043
2002-05-01,4632.33654608421
2002-06-01,3866.59818511005
2002-07-01,3905.98359635608
2002-08-01,4446.19402190456
2002-09-01,4154.8765548019
2002-10-01,4251.47854479581
2002-11-01,4153.35473907669
2002-12-01,5465.04556974731
2003-01-01,4408.17934661919
2003-02-01,4369.91587462275
2003-03-01,3848.88430638513
2003-04-01,4506.23532029655
2003-05-01,3950.76886179043
2003-06-01,4863.1608887514
2003-07-01,4424.87219966915
2003-08-01,4406.16366951744
2003-09-01,5211.35985967519
2003-10-01,4998.5633791849
2003-11-01,3627.32640087818
2003-12-01,4684.34330926302
2004-01-01,3611.22129887999
2004-02-01,4306.22978886593
2004-03-01,4947.40553778084
2004-04-01,4730.41115114402
2004-05-01,4799.34193275679
2004-06-01,4670.03686638958
2004-07-01,4861.69511106056
2004-08-01,4353.33462473138
2004-09-01,4264.62448354959
2004-10-01,4089.85412360515
2004-11-01,4222.00977693202
2004-12-01,4312.28764235802
2005-01-01,4683.5036737105
2005-02-01,5652.42265524962
2005-03-01,4051.99108019145
2005-04-01,5077.29367176791
2005-05-01,4456.83285229182
2005-06-01,4496.85019849667
2005-07-01,4852.81026303825
2005-08-01,5531.12355751787
2005-09-01,4611.86339297599
2005-10-01,5180.75299014734
2005-11-01,5436.49750473591
2005-12-01,6165.45097940047
2006-01-01,4204.23934156413
2006-02-01,5274.96564273507
2006-03-01,5702.46107889217
2006-04-01,4461.26684147559
2006-05-01,4944.54978529617
2006-06-01,6257.43196136299
2006-07-01,4793.21385330913
2006-08-01,4321.51573653091
2006-09-01,4427.8263273396
2006-10-01,3963.49552145287
2006-11-01,3962.28138482202
2006-12-01,3723.87660783193
2007-01-01,3955.34946838081
2007-02-01,3485.69078472201
2007-03-01,3656.64353156053
2007-04-01,3194.00325789413
2007-05-01,3408.13778101552
2007-06-01,4126.15293310944
2007-07-01,3099.64623386393
2007-08-01,3018.90165838217
2007-09-01,2924.71715146407
2007-10-01,3588.56923192271
2007-11-01,3631.23074516096
2007-12-01,2849.31803735209
2008-01-01,3718.8897975388
2008-02-01,2695.57437077421
2008-03-01,3121.4733402997
2008-04-01,3408.13371673534
2008-05-01,3387.06341946053
2008-06-01,2599.95129785425
2008-07-01,3085.781260022
2008-08-01,3394.26028803207
2008-09-01,1836.705986986
2008-10-01,2562.0444907526
2008-11-01,1264.22407009064
2008-12-01,1505.31254846675
2009-01-01,1690.25358312971
2009-02-01,1968.35771291373
2009-03-01,1538.78161527051
2009-04-01,1877.86789740156
2009-05-01,1723.67705825147
2009-06-01,1746.35557572231
2009-07-01,1443.47037889378
2009-08-01,1498.94004028369
2009-09-01,1824.82355232014
2009-10-01,1427.50598528911
2009-11-01,1498.66098521024
2009-12-01,1826.11269048986
2010-01-01,1555.35789600553
2010-02-01,1458.64434031629
2010-03-01,2222.86470664577
2010-04-01,1460.71527400883
2010-05-01,1290.37769595607
2010-06-01,1496.9828751006
2010-07-01,1679.77662444059
2010-08-01,1434.52821582771
2010-09-01,1739.45607633456
2010-10-01,1305.33202680233
2010-11-01,1884.86730030039
2010-12-01,1705.71352599673
2011-01-01,1409.05135785805
2011-02-01,2155.42837951627
2011-03-01,2288.85248151302
2011-04-01,1914.3430711013
2011-05-01,1859.3987920227
2011-06-01,2026.1499175583
2011-07-01,2325.20156319643
2011-08-01,2579.70992272988
2011-09-01,1779.23190486384
2011-10-01,2132.42248932733
2011-11-01,1326.38462865175
2011-12-01,2369.90836488996
2012-01-01,2619.67556741179
2012-02-01,1502.72651642821
2012-03-01,2489.64954311511
2012-04-01,2405.71085698188
2012-05-01,3166.10077397095
2012-06-01,2940.11384472479
2012-07-01,2784.10983215975
2012-08-01,3407.84928142769
2012-09-01,2315.55602779342
2012-10-01,2915.6093379723
2012-11-01,3001.58353345465
2012-12-01,2655.12572598133
2013-01-01,3010.2118842698
2013-02-01,2499.11341269237
2013-03-01,2501.58610239752
2013-04-01,3006.27411649852
2013-05-01,2774.21672026242
2013-06-01,2961.72254789737
2013-07-01,3517.55758976627
2013-08-01,2333.39023621899
2013-09-01,3944.79680300728
2013-10-01,4468.02573399405
2013-11-01,3134.86169602422
2013-12-01,3168.70732164494
2014-01-01,3336.327292569
2014-02-01,3790.55748123604
2014-03-01,2935.20896044064
2014-04-01,5224.73038152942
2014-05-01,3615.35050079975
2014-06-01,2965.42827885517
2014-07-01,2640.96640462723
2014-08-01,2784.91983612147
2014-09-01,2952.05633719476
2014-10-01,3231.83008281792
2014-11-01,2420.53808902869
2014-12-01,5043.68128677008
2015-01-01,3230.94220803961
2015-02-01,4972.55378733835
2015-03-01,4055.39687012954
2015-04-01,4246.37933261206
2015-05-01,3096.09330977422
2015-06-01,4588.06662660533
2015-07-01,4142.18256598578
2015-08-01,4612.61792893948
2015-09-01,5157.61358781754
2015-10-01,4507.4719243806
2015-11-01,4461.93411171065
2015-12-01,5077.76622867385
2016-01-01,3582.70496134436
2016-02-01,3813.87769557247
2016-03-01,4013.75062422539
2016-04-01,4146.28501322766
2016-05-01,4609.33204018975
2016-06-01,4350.34641648541
2016-07-01,5458.92846910747
2016-08-01,4339.17958191071
2016-09-01,3991.45536173159
2016-10-01,4199.58727102235
2016-11-01,5635.51279557469
2016-12-01,4963.07064029842
2017-01-01,6097.34444543071
2017-02-01,5361.32427589291
2017-03-01,6217.51876291975
2017-04-01,4296.76168477193
2017-05-01,4853.13819198109
2017-06-01,5042.36894310757
2017-07-01,4232.02220523683
2017-08-01,5618.82755689181
2017-09-01,4895.74551255749
2017-10-01,6040.87950558336
2017-11-01,4077.38394662303
2017-12-01,4309.13573194048
2018-01-01,5575.93140437011
2018-02-01,4491.72427254423
2018-03-01,4540.73740591903
2018-04-01,8285.07242789965
2018-05-01,4646.07322653656
2018-06-01,5275.03295652466
2018-07-01,5372.60085795906
2018-08-01,4723.82670053539
2018-09-01,4712.83447148395
2018-10-01,4196.93213802267
2018-11-01,5185.35861484696
2018-12-01,4989.71577197136
2019-01-01,4081.48368253824
2019-02-01,5204.55160734974
2019-03-01,4725.75470477776
2019-04-01,4701.32422771603
2019-05-01,5849.47279968275
2019-06-01,4936.7030903088
2019-07-01,4676.45500612378
2019-08-01,5862.27475848816
2019-09-01,5706.6493547605
2019-10-01,6373.56101897459
2019-11-01,5987.13245345303
2019-12-01,4867.43514396961
2020-01-01,4790.06611505127
2020-02-01,4519.58745147787
2020-03-01,4767.74445194802
2020-04-01,5130.64161504862
2020-05-01,4424.68576110945
2020-06-01,4325.16526652158
2020-07-01,4834.9924480665
2020-08-01,3841.24034279007
2020-09-01,5585.56660747265
2020-10-01,4868.72676120483
2020-11-01,5660.51878468912
2020-12-01,6645.38106707092
2021-01-01,6882.41209644934
2021-02-01,5706.081375649
2021-03-01,6978.26760083926
2021-04-01,6628.41146515638
2021-05-01,6630.88503802515
2021-06-01,6586.24855253007
2021-07-01,5493.59308293997
2021-08-01,5514.97054032088
2021-09-01,6178.73352517986
2021-10-01,4076.82469382102
2021-11-01,6250.45056504151
2021-12-01,4998.5286098146
2022-01-01,6792.15097013717
2022-02-01,6460.75356107251
2022-03-01,7229.96628242764
2022-04-01,6589.34990103939
2022-05-01,6043.86361382989
2022-06-01,6562.9711311039
2022-07-01,7789.61470746634
2022-08-01,6074.94626163895
2022-09-01,5367.87982322817
2022-10-01,6456.93855277269
2022-11-01,5158.06915801774
2022-12-01,5813.2101649597
2023-01-01,4611.69788807868
2023-02-01,5987.18711932649
2023-03-01,4156.18954729817
2023-04-01,4461.99960054632
2023-05-01,6705.65479884592
2023-06-01,5019.69161014781
2023-07-01,5318.26971701157
2023-08-01,5575.07827383643
2023-09-01,4919.5814932628
2023-10-01,5631.61636911727
2023-11-01,6096.50715032074
2023-12-01,4129.13450456152
2024-01-01,6235.70801972014
2024-02-01,5621.21338530196
2024-03-01,5343.54706270801
2024-04-01,7668.36505448607
2024-05-01,5945.12289391995
2024-06-01,4897.8283128965
2024-07-01,5778.15291374896
2024-08-01,5624.17754813622
2024-09-01,5743.87101398221
2024-10-01,5484.36008280927
2024-11-01,5275.95371717376
2024-12-01,6665.91152696945
2025-01-01,5240.19956687076
2025-02-01,5104.674983084
2025-03-01,5589.29828728181
2025-04-01,7677.96768923008
2025-05-01,5030.03492567711
2025-06-01,6613.07858007602
2025-07-01,5208.70346016337
2025-08-01,4994.6685314984
2025-09-01,5595.29926592862
2025-10-01,4637.93267524241
2025-11-01,4179.46423503291
2025-12-01,5040.05633193036
2026-01-01,4427.01707850932
2026-02-01,7611.64591123037
2026-03-01,5192.76179244872
2026-04-01,4943.46625405805
2026-05-01,5020.39122584081
2026-06-01,4958.10038507544
2026-07-01,4666.83296148166
2026-08-01,4597.87146669901
