DATE,MELIPRCOUNTY48085
2017-08-01,400000.0
2017-09-01,399900.0
2017-10-01,400111.0
2017-11-01,399898.0
2017-12-01,400000.0
2018-01-01,411950.0
2018-02-01,424000.0
2018-03-01,425000.0
2018-04-01,425000.0
2018-05-01,434453.75
2018-06-01,424123.5
2018-07-01,409950.0
2018-08-01,399900.0
2018-09-01,394290.0
2018-10-01,394900.0
2018-11-01,394940.0
2018-12-01,394990.0
2019-01-01,397370.75
2019-02-01,399995.0
2019-03-01,404242.8571428572
2019-04-01,408051.1071428572
2019-05-01,399998.0
2019-06-01,399900.0
2019-07-01,399900.0
2019-08-01,397363.6363636364
2019-09-01,394909.0909090909
2019-10-01,392495.0
2019-11-01,394900.0
2019-12-01,393620.0
2020-01-01,396300.0
2020-02-01,400000.0
2020-03-01,391000.0
2020-04-01,400062.5
2020-05-01,414000.0
2020-06-01,410000.0
2020-07-01,409046.5
2020-08-01,410000.0
2020-09-01,417300.0
2020-10-01,410000.0
2020-11-01,409500.0
2020-12-01,406101.25
2021-01-01,402373.5
2021-02-01,407725.0
2021-03-01,424725.0
2021-04-01,436750.0
2021-05-01,450000.0
2021-06-01,462450.0
2021-07-01,474900.0
2021-08-01,473750.0
2021-09-01,474997.5
2021-10-01,480000.0
2021-11-01,487500.0
2021-12-01,482305.0
2022-01-01,499000.0
2022-02-01,522500.0
2022-03-01,549000.0
2022-04-01,575000.0
2022-05-01,599900.0
2022-06-01,621888.0
2022-07-01,590000.0
2022-08-01,574950.0
2022-09-01,559227.75
2022-10-01,549632.5
2022-11-01,549945.0
2022-12-01,549000.0
2023-01-01,542450.0
2023-02-01,545000.0
2023-03-01,549422.5
2023-04-01,575000.0
2023-05-01,576287.5
2023-06-01,581135.75
2023-07-01,575000.0
2023-08-01,569350.0
2023-09-01,559000.0
2023-10-01,549000.0
2023-11-01,539887.0
2023-12-01,539900.0
2024-01-01,540742.25
2024-02-01,547480.0
2024-03-01,542250.0
2024-04-01,556801.0
2024-05-01,569000.0
2024-06-01,565000.0
2024-07-01,552450.0
2024-08-01,549900.0
2024-09-01,544975.0
2024-10-01,542495.0
2024-11-01,537045.0
2024-12-01,529950.0
2025-01-01,517150.0
2025-02-01,517000.0
2025-03-01,525000.0
2025-04-01,533581.0
2025-05-01,540000.0
2025-06-01,539950.0
2025-07-01,534500.0
2025-08-01,525000.0
2025-09-01,522500.0
2025-10-01,519865.0
2025-11-01,505000.0
2025-12-01,499900.0
2026-01-01,499900.0
2026-02-01,504950.0
2026-03-01,512199.75
2026-04-01,529450.0
2026-05-01,526000.0
2026-06-01,530000.0
2026-07-01,529000.0
2026-08-01,520000.0
