DATE,WICH620NAN
2000-01-01,291.5
2000-02-01,291.3
2000-03-01,293.1
2000-04-01,296.0
2000-05-01,297.2
2000-06-01,299.2
2000-07-01,290.4
2000-08-01,290.9
2000-09-01,296.8
2000-10-01,297.9
2000-11-01,299.3
2000-12-01,299.5
2001-01-01,293.3
2001-02-01,294.4
2001-03-01,298.5
2001-04-01,301.2
2001-05-01,303.0
2001-06-01,304.3
2001-07-01,293.7
2001-08-01,293.8
2001-09-01,301.2
2001-10-01,301.0
2001-11-01,300.5
2001-12-01,300.0
2002-01-01,294.2
2002-02-01,292.4
2002-03-01,295.3
2002-04-01,296.2
2002-05-01,296.2
2002-06-01,295.9
2002-07-01,285.7
2002-08-01,286.0
2002-09-01,291.9
2002-10-01,291.6
2002-11-01,292.9
2002-12-01,293.4
2003-01-01,280.5
2003-02-01,282.0
2003-03-01,283.5
2003-04-01,283.2
2003-05-01,284.4
2003-06-01,282.1
2003-07-01,273.8
2003-08-01,273.5
2003-09-01,281.3
2003-10-01,282.3
2003-11-01,283.3
2003-12-01,284.0
2004-01-01,276.8
2004-02-01,277.1
2004-03-01,279.7
2004-04-01,284.2
2004-05-01,284.6
2004-06-01,284.1
2004-07-01,279.7
2004-08-01,279.2
2004-09-01,286.2
2004-10-01,287.6
2004-11-01,288.4
2004-12-01,290.2
2005-01-01,282.5
2005-02-01,283.1
2005-03-01,284.3
2005-04-01,286.7
2005-05-01,287.7
2005-06-01,288.2
2005-07-01,283.2
2005-08-01,283.1
2005-09-01,288.1
2005-10-01,289.2
2005-11-01,291.5
2005-12-01,292.2
2006-01-01,285.6
2006-02-01,288.5
2006-03-01,290.4
2006-04-01,292.9
2006-05-01,294.8
2006-06-01,295.9
2006-07-01,290.3
2006-08-01,291.9
2006-09-01,297.3
2006-10-01,299.5
2006-11-01,300.6
2006-12-01,302.7
2007-01-01,295.8
2007-02-01,295.9
2007-03-01,300.3
2007-04-01,301.7
2007-05-01,303.3
2007-06-01,306.9
2007-07-01,301.3
2007-08-01,300.9
2007-09-01,305.7
2007-10-01,307.0
2007-11-01,308.7
2007-12-01,308.5
2008-01-01,303.9
2008-02-01,305.5
2008-03-01,307.9
2008-04-01,309.1
2008-05-01,311.1
2008-06-01,311.6
2008-07-01,306.1
2008-08-01,302.0
2008-09-01,309.5
2008-10-01,311.4
2008-11-01,310.5
2008-12-01,308.9
2009-01-01,302.0
2009-02-01,300.3
2009-03-01,298.6
2009-04-01,299.1
2009-05-01,295.2
2009-06-01,293.6
2009-07-01,285.2
2009-08-01,283.7
2009-09-01,286.9
2009-10-01,289.4
2009-11-01,289.4
2009-12-01,287.3
2010-01-01,281.2
2010-02-01,280.7
2010-03-01,282.4
2010-04-01,284.0
2010-05-01,285.8
2010-06-01,285.5
2010-07-01,280.3
2010-08-01,280.2
2010-09-01,282.3
2010-10-01,285.5
2010-11-01,286.0
2010-12-01,285.0
2011-01-01,280.5
2011-02-01,280.2
2011-03-01,282.0
2011-04-01,285.4
2011-05-01,286.1
2011-06-01,282.2
2011-07-01,278.5
2011-08-01,278.9
2011-09-01,282.9
2011-10-01,285.3
2011-11-01,285.7
2011-12-01,284.9
2012-01-01,281.7
2012-02-01,282.1
2012-03-01,283.5
2012-04-01,285.3
2012-05-01,286.2
2012-06-01,287.9
2012-07-01,280.5
2012-08-01,280.6
2012-09-01,284.4
2012-10-01,287.1
2012-11-01,288.3
2012-12-01,289.1
2013-01-01,284.4
2013-02-01,286.2
2013-03-01,285.8
2013-04-01,288.5
2013-05-01,289.1
2013-06-01,289.2
2013-07-01,282.4
2013-08-01,283.7
2013-09-01,286.9
2013-10-01,289.8
2013-11-01,291.6
2013-12-01,291.1
2014-01-01,285.5
2014-02-01,288.1
2014-03-01,288.1
2014-04-01,290.8
2014-05-01,292.8
2014-06-01,289.3
2014-07-01,285.8
2014-08-01,287.8
2014-09-01,290.5
2014-10-01,293.9
2014-11-01,294.4
2014-12-01,293.4
2015-01-01,288.7
2015-02-01,291.6
2015-03-01,291.4
2015-04-01,294.4
2015-05-01,295.0
2015-06-01,293.5
2015-07-01,289.1
2015-08-01,289.6
2015-09-01,292.1
2015-10-01,296.6
2015-11-01,297.4
2015-12-01,296.2
2016-01-01,292.4
2016-02-01,294.5
2016-03-01,294.4
2016-04-01,297.4
2016-05-01,296.7
2016-06-01,295.5
2016-07-01,291.8
2016-08-01,290.4
2016-09-01,293.9
2016-10-01,296.5
2016-11-01,297.2
2016-12-01,295.9
2017-01-01,289.5
2017-02-01,292.6
2017-03-01,293.1
2017-04-01,293.9
2017-05-01,293.9
2017-06-01,292.4
2017-07-01,288.2
2017-08-01,289.3
2017-09-01,292.2
2017-10-01,294.8
2017-11-01,296.6
2017-12-01,296.5
2018-01-01,290.4
2018-02-01,293.0
2018-03-01,293.8
2018-04-01,296.5
2018-05-01,298.0
2018-06-01,295.6
2018-07-01,294.3
2018-08-01,297.1
2018-09-01,298.8
2018-10-01,301.5
2018-11-01,302.9
2018-12-01,303.0
2019-01-01,297.2
2019-02-01,299.8
2019-03-01,300.3
2019-04-01,305.2
2019-05-01,306.4
2019-06-01,303.4
2019-07-01,299.9
2019-08-01,301.9
2019-09-01,304.4
2019-10-01,308.0
2019-11-01,309.4
2019-12-01,308.8
2020-01-01,304.0
2020-02-01,304.7
2020-03-01,303.9
2020-04-01,263.7
2020-05-01,271.8
2020-06-01,271.1
2020-07-01,276.5
2020-08-01,281.3
2020-09-01,284.6
2020-10-01,288.5
2020-11-01,288.3
2020-12-01,287.6
2021-01-01,283.9
2021-02-01,284.5
2021-03-01,287.9
2021-04-01,291.1
2021-05-01,293.0
2021-06-01,293.2
2021-07-01,287.7
2021-08-01,290.4
2021-09-01,292.2
2021-10-01,298.0
2021-11-01,299.4
2021-12-01,298.3
2022-01-01,293.8
2022-02-01,296.2
2022-03-01,296.5
2022-04-01,300.5
2022-05-01,301.7
2022-06-01,298.9
2022-07-01,296.7
2022-08-01,297.5
2022-09-01,304.1
2022-10-01,306.7
2022-11-01,308.4
2022-12-01,306.3
2023-01-01,304.4
2023-02-01,306.6
2023-03-01,306.8
2023-04-01,308.7
2023-05-01,309.9
2023-06-01,308.3
2023-07-01,302.9
2023-08-01,304.2
2023-09-01,310.6
2023-10-01,313.1
2023-11-01,314.1
2023-12-01,313.0
2024-01-01,308.7
2024-02-01,311.7
2024-03-01,312.5
2024-04-01,315.2
2024-05-01,315.4
2024-06-01,313.3
2024-07-01,307.5
2024-08-01,310.1
2024-09-01,314.5
2024-10-01,313.1
2024-11-01,318.2
2024-12-01,316.0
2025-01-01,309.7
2025-02-01,312.0
2025-03-01,313.7
2025-04-01,316.3
2025-05-01,316.3
2025-06-01,312.2
2025-07-01,308.4
2025-08-01,310.2
2025-09-01,314.2
2025-10-01,316.1
2025-11-01,317.7
2025-12-01,315.1
2026-01-01,311.5
2026-02-01,312.1
2026-03-01,313.2
2026-04-01,316.2
2026-05-01,317.0
2026-06-01,315.8
2026-07-01,313.7
2026-08-01,317.4
