DATE,WICH620LF
2000-01-01,300056.0
2000-02-01,300068.0
2000-03-01,299956.0
2000-04-01,299484.0
2000-05-01,298916.0
2000-06-01,298383.0
2000-07-01,297979.0
2000-08-01,297724.0
2000-09-01,297543.0
2000-10-01,297537.0
2000-11-01,297734.0
2000-12-01,298073.0
2001-01-01,298525.0
2001-02-01,299045.0
2001-03-01,299501.0
2001-04-01,299813.0
2001-05-01,299999.0
2001-06-01,300063.0
2001-07-01,300070.0
2001-08-01,300053.0
2001-09-01,300065.0
2001-10-01,300241.0
2001-11-01,300702.0
2001-12-01,301455.0
2002-01-01,302361.0
2002-02-01,303220.0
2002-03-01,303941.0
2002-04-01,304503.0
2002-05-01,304892.0
2002-06-01,305140.0
2002-07-01,305314.0
2002-08-01,305464.0
2002-09-01,305490.0
2002-10-01,305257.0
2002-11-01,304757.0
2002-12-01,304127.0
2003-01-01,303512.0
2003-02-01,303017.0
2003-03-01,302627.0
2003-04-01,302230.0
2003-05-01,301783.0
2003-06-01,301340.0
2003-07-01,300969.0
2003-08-01,300758.0
2003-09-01,300742.0
2003-10-01,300875.0
2003-11-01,301058.0
2003-12-01,301242.0
2004-01-01,301704.0
2004-02-01,301576.0
2004-03-01,301244.0
2004-04-01,306201.0
2004-05-01,305570.0
2004-06-01,305183.0
2004-07-01,305211.0
2004-08-01,305659.0
2004-09-01,306446.0
2004-10-01,307331.0
2004-11-01,307980.0
2004-12-01,308189.0
2005-01-01,307904.0
2005-02-01,307316.0
2005-03-01,306804.0
2005-04-01,306632.0
2005-05-01,306742.0
2005-06-01,306983.0
2005-07-01,307303.0
2005-08-01,307520.0
2005-09-01,307447.0
2005-10-01,307006.0
2005-11-01,306348.0
2005-12-01,305707.0
2006-01-01,305286.0
2006-02-01,305190.0
2006-03-01,305477.0
2006-04-01,306112.0
2006-05-01,306961.0
2006-06-01,307784.0
2006-07-01,308424.0
2006-08-01,308977.0
2006-09-01,309501.0
2006-10-01,309965.0
2006-11-01,310383.0
2006-12-01,310701.0
2007-01-01,310967.0
2007-02-01,311217.0
2007-03-01,311420.0
2007-04-01,311666.0
2007-05-01,312063.0
2007-06-01,312568.0
2007-07-01,313107.0
2007-08-01,313583.0
2007-09-01,313973.0
2007-10-01,314287.0
2007-11-01,314442.0
2007-12-01,314461.0
2008-01-01,314454.0
2008-02-01,314548.0
2008-03-01,314753.0
2008-04-01,315008.0
2008-05-01,315347.0
2008-06-01,315771.0
2008-07-01,316162.0
2008-08-01,316493.0
2008-09-01,316889.0
2008-10-01,317337.0
2008-11-01,317789.0
2008-12-01,318106.0
2009-01-01,318075.0
2009-02-01,320605.0
2009-03-01,323172.0
2009-04-01,324695.0
2009-05-01,325350.0
2009-06-01,325342.0
2009-07-01,324724.0
2009-08-01,323514.0
2009-09-01,321858.0
2009-10-01,320099.0
2009-11-01,318567.0
2009-12-01,317436.0
2010-01-01,316758.0
2010-02-01,316320.0
2010-03-01,315934.0
2010-04-01,315569.0
2010-05-01,315207.0
2010-06-01,314873.0
2010-07-01,314676.0
2010-08-01,314677.0
2010-09-01,314741.0
2010-10-01,314794.0
2010-11-01,314732.0
2010-12-01,314556.0
2011-01-01,314244.0
2011-02-01,313786.0
2011-03-01,313161.0
2011-04-01,312434.0
2011-05-01,311810.0
2011-06-01,311394.0
2011-07-01,311201.0
2011-08-01,311202.0
2011-09-01,311304.0
2011-10-01,311348.0
2011-11-01,311171.0
2011-12-01,310673.0
2012-01-01,309975.0
2012-02-01,309370.0
2012-03-01,308982.0
2012-04-01,308765.0
2012-05-01,308661.0
2012-06-01,308604.0
2012-07-01,308494.0
2012-08-01,308326.0
2012-09-01,308202.0
2012-10-01,308176.0
2012-11-01,308272.0
2012-12-01,308435.0
2013-01-01,308577.0
2013-02-01,308610.0
2013-03-01,308574.0
2013-04-01,308549.0
2013-05-01,308469.0
2013-06-01,308263.0
2013-07-01,307887.0
2013-08-01,307305.0
2013-09-01,306660.0
2013-10-01,306224.0
2013-11-01,306145.0
2013-12-01,306480.0
2014-01-01,307077.0
2014-02-01,307684.0
2014-03-01,308165.0
2014-04-01,308438.0
2014-05-01,308555.0
2014-06-01,308627.0
2014-07-01,308664.0
2014-08-01,308669.0
2014-09-01,308616.0
2014-10-01,308463.0
2014-11-01,308218.0
2014-12-01,307995.0
2015-01-01,307884.0
2015-02-01,307928.0
2015-03-01,308058.0
2015-04-01,308204.0
2015-05-01,308307.0
2015-06-01,308368.0
2015-07-01,308467.0
2015-08-01,308639.0
2015-09-01,308914.0
2015-10-01,309414.0
2015-11-01,310168.0
2015-12-01,311044.0
2016-01-01,312022.0
2016-02-01,313087.0
2016-03-01,314165.0
2016-04-01,315128.0
2016-05-01,315872.0
2016-06-01,316296.0
2016-07-01,316444.0
2016-08-01,316418.0
2016-09-01,316310.0
2016-10-01,316155.0
2016-11-01,315992.0
2016-12-01,315844.0
2017-01-01,315630.0
2017-02-01,315291.0
2017-03-01,314929.0
2017-04-01,314736.0
2017-05-01,314710.0
2017-06-01,314757.0
2017-07-01,314770.0
2017-08-01,314663.0
2017-09-01,314468.0
2017-10-01,314230.0
2017-11-01,314062.0
2017-12-01,314101.0
2018-01-01,314396.0
2018-02-01,314946.0
2018-03-01,315638.0
2018-04-01,316292.0
2018-05-01,316848.0
2018-06-01,317290.0
2018-07-01,317596.0
2018-08-01,317876.0
2018-09-01,318236.0
2018-10-01,318729.0
2018-11-01,319344.0
2018-12-01,319995.0
2019-01-01,320666.0
2019-02-01,321366.0
2019-03-01,322086.0
2019-04-01,322834.0
2019-05-01,323527.0
2019-06-01,324160.0
2019-07-01,324771.0
2019-08-01,325361.0
2019-09-01,325916.0
2019-10-01,326522.0
2019-11-01,327357.0
2019-12-01,328371.0
2020-01-01,329160.0
2020-02-01,329330.0
2020-03-01,323212.0
2020-04-01,331277.0
2020-05-01,327524.0
2020-06-01,324841.0
2020-07-01,328196.0
2020-08-01,327521.0
2020-09-01,327445.0
2020-10-01,327442.0
2020-11-01,327066.0
2020-12-01,326281.0
2021-01-01,325514.0
2021-02-01,325108.0
2021-03-01,325069.0
2021-04-01,325256.0
2021-05-01,325463.0
2021-06-01,325513.0
2021-07-01,325336.0
2021-08-01,324953.0
2021-09-01,324506.0
2021-10-01,324134.0
2021-11-01,323923.0
2021-12-01,323890.0
2022-01-01,323994.0
2022-02-01,324163.0
2022-03-01,324421.0
2022-04-01,324751.0
2022-05-01,325164.0
2022-06-01,325598.0
2022-07-01,325993.0
2022-08-01,326341.0
2022-09-01,326698.0
2022-10-01,327152.0
2022-11-01,327720.0
2022-12-01,328356.0
2023-01-01,329006.0
2023-02-01,329581.0
2023-03-01,330028.0
2023-04-01,330353.0
2023-05-01,330620.0
2023-06-01,330956.0
2023-07-01,331435.0
2023-08-01,331992.0
2023-09-01,332542.0
2023-10-01,332982.0
2023-11-01,333286.0
2023-12-01,333498.0
2024-01-01,333706.0
2024-02-01,334080.0
2024-03-01,334718.0
2024-04-01,335513.0
2024-05-01,336342.0
2024-06-01,337117.0
2024-07-01,337759.0
2024-08-01,338248.0
2024-09-01,338594.0
2024-10-01,338820.0
2024-11-01,338985.0
2024-12-01,339140.0
2025-01-01,339315.0
2025-02-01,339507.0
2025-03-01,339724.0
2025-04-01,340009.0
2025-05-01,340389.0
2025-06-01,340847.0
2025-07-01,341380.0
2025-08-01,341897.0
2025-09-01,342313.0
2025-10-01,
2025-11-01,342554.0
2025-12-01,342495.0
2026-01-01,342032.0
2026-02-01,341560.0
2026-03-01,340514.0
2026-04-01,339452.0
2026-05-01,338364.0
2026-06-01,337635.0
2026-07-01,337063.0
2026-08-01,337230.0
