year,date,fips,name,median_household_income,population,source,market,county
2009,2009-12-31,20173,"Sedgwick County, Kansas",47768.0,476195.0,ACS 2009 5-year,Wichita Composite,Sedgwick KS
2010,2010-12-31,20173,"Sedgwick County, Kansas",47848.0,486123.0,ACS 2010 5-year,Wichita Composite,Sedgwick KS
2011,2011-12-31,20173,"Sedgwick County, Kansas",49451.0,491988.0,ACS 2011 5-year,Wichita Composite,Sedgwick KS
2012,2012-12-31,20173,"Sedgwick County, Kansas",49885.0,497062.0,ACS 2012 5-year,Wichita Composite,Sedgwick KS
2013,2013-12-31,20173,"Sedgwick County, Kansas",49865.0,500768.0,ACS 2013 5-year,Wichita Composite,Sedgwick KS
2014,2014-12-31,20173,"Sedgwick County, Kansas",50326.0,503788.0,ACS 2014 5-year,Wichita Composite,Sedgwick KS
2015,2015-12-31,20173,"Sedgwick County, Kansas",50657.0,506529.0,ACS 2015 5-year,Wichita Composite,Sedgwick KS
2016,2016-12-31,20173,"Sedgwick County, Kansas",51157.0,508221.0,ACS 2016 5-year,Wichita Composite,Sedgwick KS
2017,2017-12-31,20173,"Sedgwick County, Kansas",52841.0,510484.0,ACS 2017 5-year,Wichita Composite,Sedgwick KS
2018,2018-12-31,20173,"Sedgwick County, Kansas",54974.0,512064.0,ACS 2018 5-year,Wichita Composite,Sedgwick KS
2019,2019-12-31,20173,"Sedgwick County, Kansas",56524.0,513375.0,ACS 2019 5-year,Wichita Composite,Sedgwick KS
2020,2020-12-31,20173,"Sedgwick County, Kansas",57540.0,515416.0,ACS 2020 5-year,Wichita Composite,Sedgwick KS
2021,2021-12-31,20173,"Sedgwick County, Kansas",60593.0,520467.0,ACS 2021 5-year,Wichita Composite,Sedgwick KS
2022,2022-12-31,20173,"Sedgwick County, Kansas",65372.0,522700.0,ACS 2022 5-year,Wichita Composite,Sedgwick KS
2023,2023-12-31,20173,"Sedgwick County, Kansas",67675.0,524810.0,ACS 2023 5-year,Wichita Composite,Sedgwick KS
2024,2024-12-31,20173,"Sedgwick County, Kansas",69365.0,528226.0,ACS 2024 5-year,Wichita Composite,Sedgwick KS
2009,2009-12-31,20015,"Butler County, Kansas",56077.0,62878.0,ACS 2009 5-year,Wichita Composite,Butler KS
2010,2010-12-31,20015,"Butler County, Kansas",56290.0,64853.0,ACS 2010 5-year,Wichita Composite,Butler KS
2011,2011-12-31,20015,"Butler County, Kansas",57573.0,65307.0,ACS 2011 5-year,Wichita Composite,Butler KS
2012,2012-12-31,20015,"Butler County, Kansas",57424.0,65647.0,ACS 2012 5-year,Wichita Composite,Butler KS
2013,2013-12-31,20015,"Butler County, Kansas",56454.0,65786.0,ACS 2013 5-year,Wichita Composite,Butler KS
2014,2014-12-31,20015,"Butler County, Kansas",57474.0,65927.0,ACS 2014 5-year,Wichita Composite,Butler KS
2015,2015-12-31,20015,"Butler County, Kansas",58897.0,66092.0,ACS 2015 5-year,Wichita Composite,Butler KS
2016,2016-12-31,20015,"Butler County, Kansas",60338.0,66264.0,ACS 2016 5-year,Wichita Composite,Butler KS
2017,2017-12-31,20015,"Butler County, Kansas",62324.0,66260.0,ACS 2017 5-year,Wichita Composite,Butler KS
2018,2018-12-31,20015,"Butler County, Kansas",63272.0,66468.0,ACS 2018 5-year,Wichita Composite,Butler KS
2019,2019-12-31,20015,"Butler County, Kansas",64782.0,66698.0,ACS 2019 5-year,Wichita Composite,Butler KS
2020,2020-12-31,20015,"Butler County, Kansas",66405.0,66890.0,ACS 2020 5-year,Wichita Composite,Butler KS
2021,2021-12-31,20015,"Butler County, Kansas",71651.0,67404.0,ACS 2021 5-year,Wichita Composite,Butler KS
2022,2022-12-31,20015,"Butler County, Kansas",77724.0,67618.0,ACS 2022 5-year,Wichita Composite,Butler KS
2023,2023-12-31,20015,"Butler County, Kansas",80375.0,67916.0,ACS 2023 5-year,Wichita Composite,Butler KS
2024,2024-12-31,20015,"Butler County, Kansas",81610.0,68287.0,ACS 2024 5-year,Wichita Composite,Butler KS
2009,2009-12-31,20079,"Harvey County, Kansas",47344.0,33699.0,ACS 2009 5-year,Wichita Composite,Harvey KS
2010,2010-12-31,20079,"Harvey County, Kansas",46604.0,34150.0,ACS 2010 5-year,Wichita Composite,Harvey KS
2011,2011-12-31,20079,"Harvey County, Kansas",48880.0,34392.0,ACS 2011 5-year,Wichita Composite,Harvey KS
2012,2012-12-31,20079,"Harvey County, Kansas",49075.0,34572.0,ACS 2012 5-year,Wichita Composite,Harvey KS
2013,2013-12-31,20079,"Harvey County, Kansas",50287.0,34722.0,ACS 2013 5-year,Wichita Composite,Harvey KS
2014,2014-12-31,20079,"Harvey County, Kansas",49576.0,34797.0,ACS 2014 5-year,Wichita Composite,Harvey KS
2015,2015-12-31,20079,"Harvey County, Kansas",51327.0,34835.0,ACS 2015 5-year,Wichita Composite,Harvey KS
2016,2016-12-31,20079,"Harvey County, Kansas",52463.0,34814.0,ACS 2016 5-year,Wichita Composite,Harvey KS
2017,2017-12-31,20079,"Harvey County, Kansas",55687.0,34683.0,ACS 2017 5-year,Wichita Composite,Harvey KS
2018,2018-12-31,20079,"Harvey County, Kansas",56051.0,34555.0,ACS 2018 5-year,Wichita Composite,Harvey KS
2019,2019-12-31,20079,"Harvey County, Kansas",57982.0,34503.0,ACS 2019 5-year,Wichita Composite,Harvey KS
2020,2020-12-31,20079,"Harvey County, Kansas",58782.0,34434.0,ACS 2020 5-year,Wichita Composite,Harvey KS
2021,2021-12-31,20079,"Harvey County, Kansas",60653.0,34006.0,ACS 2021 5-year,Wichita Composite,Harvey KS
2022,2022-12-31,20079,"Harvey County, Kansas",70685.0,33959.0,ACS 2022 5-year,Wichita Composite,Harvey KS
2023,2023-12-31,20079,"Harvey County, Kansas",73269.0,33823.0,ACS 2023 5-year,Wichita Composite,Harvey KS
2024,2024-12-31,20079,"Harvey County, Kansas",74368.0,33756.0,ACS 2024 5-year,Wichita Composite,Harvey KS
2009,2009-12-31,20191,"Sumner County, Kansas",48848.0,23871.0,ACS 2009 5-year,Wichita Composite,Sumner KS
2010,2010-12-31,20191,"Sumner County, Kansas",49582.0,24257.0,ACS 2010 5-year,Wichita Composite,Sumner KS
2011,2011-12-31,20191,"Sumner County, Kansas",48060.0,24115.0,ACS 2011 5-year,Wichita Composite,Sumner KS
2012,2012-12-31,20191,"Sumner County, Kansas",48105.0,24000.0,ACS 2012 5-year,Wichita Composite,Sumner KS
2013,2013-12-31,20191,"Sumner County, Kansas",47894.0,23884.0,ACS 2013 5-year,Wichita Composite,Sumner KS
2014,2014-12-31,20191,"Sumner County, Kansas",50310.0,23763.0,ACS 2014 5-year,Wichita Composite,Sumner KS
2015,2015-12-31,20191,"Sumner County, Kansas",50141.0,23638.0,ACS 2015 5-year,Wichita Composite,Sumner KS
2016,2016-12-31,20191,"Sumner County, Kansas",50950.0,23509.0,ACS 2016 5-year,Wichita Composite,Sumner KS
2017,2017-12-31,20191,"Sumner County, Kansas",52695.0,23336.0,ACS 2017 5-year,Wichita Composite,Sumner KS
2018,2018-12-31,20191,"Sumner County, Kansas",54915.0,23208.0,ACS 2018 5-year,Wichita Composite,Sumner KS
2019,2019-12-31,20191,"Sumner County, Kansas",55000.0,23114.0,ACS 2019 5-year,Wichita Composite,Sumner KS
2020,2020-12-31,20191,"Sumner County, Kansas",53578.0,22928.0,ACS 2020 5-year,Wichita Composite,Sumner KS
2021,2021-12-31,20191,"Sumner County, Kansas",54854.0,22603.0,ACS 2021 5-year,Wichita Composite,Sumner KS
2022,2022-12-31,20191,"Sumner County, Kansas",59397.0,22517.0,ACS 2022 5-year,Wichita Composite,Sumner KS
2023,2023-12-31,20191,"Sumner County, Kansas",60348.0,22386.0,ACS 2023 5-year,Wichita Composite,Sumner KS
2024,2024-12-31,20191,"Sumner County, Kansas",63951.0,22353.0,ACS 2024 5-year,Wichita Composite,Sumner KS
2009,2009-12-31,48113,"Dallas County, Texas",47059.0,2383126.0,ACS 2009 5-year,DFW Composite,Dallas TX
2010,2010-12-31,48113,"Dallas County, Texas",47974.0,2321014.0,ACS 2010 5-year,DFW Composite,Dallas TX
2011,2011-12-31,48113,"Dallas County, Texas",48942.0,2348702.0,ACS 2011 5-year,DFW Composite,Dallas TX
2012,2012-12-31,48113,"Dallas County, Texas",49159.0,2379214.0,ACS 2012 5-year,DFW Composite,Dallas TX
2013,2013-12-31,48113,"Dallas County, Texas",49481.0,2412481.0,ACS 2013 5-year,DFW Composite,Dallas TX
2014,2014-12-31,48113,"Dallas County, Texas",49925.0,2448943.0,ACS 2014 5-year,DFW Composite,Dallas TX
2015,2015-12-31,48113,"Dallas County, Texas",50270.0,2485003.0,ACS 2015 5-year,DFW Composite,Dallas TX
2016,2016-12-31,48113,"Dallas County, Texas",51411.0,2513054.0,ACS 2016 5-year,DFW Composite,Dallas TX
2017,2017-12-31,48113,"Dallas County, Texas",53626.0,2552213.0,ACS 2017 5-year,DFW Composite,Dallas TX
2018,2018-12-31,48113,"Dallas County, Texas",56854.0,2586552.0,ACS 2018 5-year,DFW Composite,Dallas TX
2019,2019-12-31,48113,"Dallas County, Texas",59607.0,2606868.0,ACS 2019 5-year,DFW Composite,Dallas TX
2020,2020-12-31,48113,"Dallas County, Texas",61870.0,2622634.0,ACS 2020 5-year,DFW Composite,Dallas TX
2021,2021-12-31,48113,"Dallas County, Texas",65011.0,2604722.0,ACS 2021 5-year,DFW Composite,Dallas TX
2022,2022-12-31,48113,"Dallas County, Texas",70732.0,2604053.0,ACS 2022 5-year,DFW Composite,Dallas TX
2023,2023-12-31,48113,"Dallas County, Texas",74149.0,2603816.0,ACS 2023 5-year,DFW Composite,Dallas TX
2024,2024-12-31,48113,"Dallas County, Texas",76547.0,2621179.0,ACS 2024 5-year,DFW Composite,Dallas TX
2009,2009-12-31,48439,"Tarrant County, Texas",54647.0,1704943.0,ACS 2009 5-year,DFW Composite,Tarrant TX
2010,2010-12-31,48439,"Tarrant County, Texas",55306.0,1743300.0,ACS 2010 5-year,DFW Composite,Tarrant TX
2011,2011-12-31,48439,"Tarrant County, Texas",56178.0,1780700.0,ACS 2011 5-year,DFW Composite,Tarrant TX
2012,2012-12-31,48439,"Tarrant County, Texas",56859.0,1814667.0,ACS 2012 5-year,DFW Composite,Tarrant TX
2013,2013-12-31,48439,"Tarrant County, Texas",56853.0,1848423.0,ACS 2013 5-year,DFW Composite,Tarrant TX
2014,2014-12-31,48439,"Tarrant County, Texas",57727.0,1881469.0,ACS 2014 5-year,DFW Composite,Tarrant TX
2015,2015-12-31,48439,"Tarrant County, Texas",58711.0,1914526.0,ACS 2015 5-year,DFW Composite,Tarrant TX
2016,2016-12-31,48439,"Tarrant County, Texas",60373.0,1947529.0,ACS 2016 5-year,DFW Composite,Tarrant TX
2017,2017-12-31,48439,"Tarrant County, Texas",62532.0,1983675.0,ACS 2017 5-year,DFW Composite,Tarrant TX
2018,2018-12-31,48439,"Tarrant County, Texas",64874.0,2019977.0,ACS 2018 5-year,DFW Composite,Tarrant TX
2019,2019-12-31,48439,"Tarrant County, Texas",67700.0,2049770.0,ACS 2019 5-year,DFW Composite,Tarrant TX
2020,2020-12-31,48439,"Tarrant County, Texas",70306.0,2077153.0,ACS 2020 5-year,DFW Composite,Tarrant TX
2021,2021-12-31,48439,"Tarrant County, Texas",73545.0,2091953.0,ACS 2021 5-year,DFW Composite,Tarrant TX
2022,2022-12-31,48439,"Tarrant County, Texas",78872.0,2113854.0,ACS 2022 5-year,DFW Composite,Tarrant TX
2023,2023-12-31,48439,"Tarrant County, Texas",81905.0,2135743.0,ACS 2023 5-year,DFW Composite,Tarrant TX
2024,2024-12-31,48439,"Tarrant County, Texas",84207.0,2167390.0,ACS 2024 5-year,DFW Composite,Tarrant TX
2009,2009-12-31,48085,"Collin County, Texas",80545.0,729514.0,ACS 2009 5-year,DFW Composite,Collin TX
2010,2010-12-31,48085,"Collin County, Texas",80504.0,738745.0,ACS 2010 5-year,DFW Composite,Collin TX
2011,2011-12-31,48085,"Collin County, Texas",82758.0,764424.0,ACS 2011 5-year,DFW Composite,Collin TX
2012,2012-12-31,48085,"Collin County, Texas",83238.0,788580.0,ACS 2012 5-year,DFW Composite,Collin TX
2013,2013-12-31,48085,"Collin County, Texas",82762.0,811308.0,ACS 2013 5-year,DFW Composite,Collin TX
2014,2014-12-31,48085,"Collin County, Texas",84233.0,836947.0,ACS 2014 5-year,DFW Composite,Collin TX
2015,2015-12-31,48085,"Collin County, Texas",84735.0,862215.0,ACS 2015 5-year,DFW Composite,Collin TX
2016,2016-12-31,48085,"Collin County, Texas",86188.0,886633.0,ACS 2016 5-year,DFW Composite,Collin TX
2017,2017-12-31,48085,"Collin County, Texas",90124.0,914075.0,ACS 2017 5-year,DFW Composite,Collin TX
2018,2018-12-31,48085,"Collin County, Texas",94192.0,944350.0,ACS 2018 5-year,DFW Composite,Collin TX
2019,2019-12-31,48085,"Collin County, Texas",96913.0,973977.0,ACS 2019 5-year,DFW Composite,Collin TX
2020,2020-12-31,48085,"Collin County, Texas",100541.0,1006038.0,ACS 2020 5-year,DFW Composite,Collin TX
2021,2021-12-31,48085,"Collin County, Texas",104327.0,1039812.0,ACS 2021 5-year,DFW Composite,Collin TX
2022,2022-12-31,48085,"Collin County, Texas",113255.0,1079153.0,ACS 2022 5-year,DFW Composite,Collin TX
2023,2023-12-31,48085,"Collin County, Texas",117588.0,1116601.0,ACS 2023 5-year,DFW Composite,Collin TX
2024,2024-12-31,48085,"Collin County, Texas",121600.0,1163337.0,ACS 2024 5-year,DFW Composite,Collin TX
2009,2009-12-31,48121,"Denton County, Texas",70002.0,611842.0,ACS 2009 5-year,DFW Composite,Denton TX
2010,2010-12-31,48121,"Denton County, Texas",70622.0,628084.0,ACS 2010 5-year,DFW Composite,Denton TX
2011,2011-12-31,48121,"Denton County, Texas",72305.0,648470.0,ACS 2011 5-year,DFW Composite,Denton TX
2012,2012-12-31,48121,"Denton County, Texas",72939.0,667934.0,ACS 2012 5-year,DFW Composite,Denton TX
2013,2013-12-31,48121,"Denton County, Texas",74155.0,687857.0,ACS 2013 5-year,DFW Composite,Denton TX
2014,2014-12-31,48121,"Denton County, Texas",74662.0,708627.0,ACS 2014 5-year,DFW Composite,Denton TX
2015,2015-12-31,48121,"Denton County, Texas",75050.0,731851.0,ACS 2015 5-year,DFW Composite,Denton TX
2016,2016-12-31,48121,"Denton County, Texas",76678.0,754650.0,ACS 2016 5-year,DFW Composite,Denton TX
2017,2017-12-31,48121,"Denton County, Texas",80290.0,781321.0,ACS 2017 5-year,DFW Composite,Denton TX
2018,2018-12-31,48121,"Denton County, Texas",83376.0,807047.0,ACS 2018 5-year,DFW Composite,Denton TX
2019,2019-12-31,48121,"Denton County, Texas",86913.0,833822.0,ACS 2019 5-year,DFW Composite,Denton TX
2020,2020-12-31,48121,"Denton County, Texas",90354.0,861690.0,ACS 2020 5-year,DFW Composite,Denton TX
2021,2021-12-31,48121,"Denton County, Texas",96265.0,885012.0,ACS 2021 5-year,DFW Composite,Denton TX
2022,2022-12-31,48121,"Denton County, Texas",104180.0,914870.0,ACS 2022 5-year,DFW Composite,Denton TX
2023,2023-12-31,48121,"Denton County, Texas",108185.0,945644.0,ACS 2023 5-year,DFW Composite,Denton TX
2024,2024-12-31,48121,"Denton County, Texas",111498.0,979561.0,ACS 2024 5-year,DFW Composite,Denton TX
2009,2009-12-31,48397,"Rockwall County, Texas",80193.0,72814.0,ACS 2009 5-year,DFW Composite,Rockwall TX
2010,2010-12-31,48397,"Rockwall County, Texas",78032.0,73311.0,ACS 2010 5-year,DFW Composite,Rockwall TX
2011,2011-12-31,48397,"Rockwall County, Texas",82146.0,76349.0,ACS 2011 5-year,DFW Composite,Rockwall TX
2012,2012-12-31,48397,"Rockwall County, Texas",82725.0,78749.0,ACS 2012 5-year,DFW Composite,Rockwall TX
2013,2013-12-31,48397,"Rockwall County, Texas",86119.0,81020.0,ACS 2013 5-year,DFW Composite,Rockwall TX
2014,2014-12-31,48397,"Rockwall County, Texas",86597.0,83239.0,ACS 2014 5-year,DFW Composite,Rockwall TX
2015,2015-12-31,48397,"Rockwall County, Texas",87524.0,85536.0,ACS 2015 5-year,DFW Composite,Rockwall TX
2016,2016-12-31,48397,"Rockwall County, Texas",89161.0,88010.0,ACS 2016 5-year,DFW Composite,Rockwall TX
2017,2017-12-31,48397,"Rockwall County, Texas",93269.0,90414.0,ACS 2017 5-year,DFW Composite,Rockwall TX
2018,2018-12-31,48397,"Rockwall County, Texas",94767.0,93642.0,ACS 2018 5-year,DFW Composite,Rockwall TX
2019,2019-12-31,48397,"Rockwall County, Texas",100920.0,97175.0,ACS 2019 5-year,DFW Composite,Rockwall TX
2020,2020-12-31,48397,"Rockwall County, Texas",105956.0,101175.0,ACS 2020 5-year,DFW Composite,Rockwall TX
2021,2021-12-31,48397,"Rockwall County, Texas",111595.0,105227.0,ACS 2021 5-year,DFW Composite,Rockwall TX
2022,2022-12-31,48397,"Rockwall County, Texas",121303.0,110631.0,ACS 2022 5-year,DFW Composite,Rockwall TX
2023,2023-12-31,48397,"Rockwall County, Texas",124917.0,116931.0,ACS 2023 5-year,DFW Composite,Rockwall TX
2024,2024-12-31,48397,"Rockwall County, Texas",127981.0,123617.0,ACS 2024 5-year,DFW Composite,Rockwall TX
2009,2009-12-31,48257,"Kaufman County, Texas",55857.0,95993.0,ACS 2009 5-year,DFW Composite,Kaufman TX
2010,2010-12-31,48257,"Kaufman County, Texas",58555.0,98402.0,ACS 2010 5-year,DFW Composite,Kaufman TX
2011,2011-12-31,48257,"Kaufman County, Texas",60575.0,101197.0,ACS 2011 5-year,DFW Composite,Kaufman TX
2012,2012-12-31,48257,"Kaufman County, Texas",61564.0,103385.0,ACS 2012 5-year,DFW Composite,Kaufman TX
2013,2013-12-31,48257,"Kaufman County, Texas",61194.0,105220.0,ACS 2013 5-year,DFW Composite,Kaufman TX
2014,2014-12-31,48257,"Kaufman County, Texas",61459.0,107119.0,ACS 2014 5-year,DFW Composite,Kaufman TX
2015,2015-12-31,48257,"Kaufman County, Texas",60391.0,109289.0,ACS 2015 5-year,DFW Composite,Kaufman TX
2016,2016-12-31,48257,"Kaufman County, Texas",60179.0,111830.0,ACS 2016 5-year,DFW Composite,Kaufman TX
2017,2017-12-31,48257,"Kaufman County, Texas",63926.0,114852.0,ACS 2017 5-year,DFW Composite,Kaufman TX
2018,2018-12-31,48257,"Kaufman County, Texas",65390.0,118910.0,ACS 2018 5-year,DFW Composite,Kaufman TX
2019,2019-12-31,48257,"Kaufman County, Texas",70107.0,123804.0,ACS 2019 5-year,DFW Composite,Kaufman TX
2020,2020-12-31,48257,"Kaufman County, Texas",72179.0,129792.0,ACS 2020 5-year,DFW Composite,Kaufman TX
2021,2021-12-31,48257,"Kaufman County, Texas",75187.0,140145.0,ACS 2021 5-year,DFW Composite,Kaufman TX
2022,2022-12-31,48257,"Kaufman County, Texas",84075.0,149773.0,ACS 2022 5-year,DFW Composite,Kaufman TX
2023,2023-12-31,48257,"Kaufman County, Texas",88606.0,160718.0,ACS 2023 5-year,DFW Composite,Kaufman TX
2024,2024-12-31,48257,"Kaufman County, Texas",89485.0,172604.0,ACS 2024 5-year,DFW Composite,Kaufman TX
2009,2009-12-31,48139,"Ellis County, Texas",58809.0,142348.0,ACS 2009 5-year,DFW Composite,Ellis TX
2010,2010-12-31,48139,"Ellis County, Texas",60877.0,143502.0,ACS 2010 5-year,DFW Composite,Ellis TX
2011,2011-12-31,48139,"Ellis County, Texas",62639.0,146997.0,ACS 2011 5-year,DFW Composite,Ellis TX
2012,2012-12-31,48139,"Ellis County, Texas",62832.0,149712.0,ACS 2012 5-year,DFW Composite,Ellis TX
2013,2013-12-31,48139,"Ellis County, Texas",61952.0,152020.0,ACS 2013 5-year,DFW Composite,Ellis TX
2014,2014-12-31,48139,"Ellis County, Texas",61898.0,154447.0,ACS 2014 5-year,DFW Composite,Ellis TX
2015,2015-12-31,48139,"Ellis County, Texas",62465.0,157058.0,ACS 2015 5-year,DFW Composite,Ellis TX
2016,2016-12-31,48139,"Ellis County, Texas",64382.0,160225.0,ACS 2016 5-year,DFW Composite,Ellis TX
2017,2017-12-31,48139,"Ellis County, Texas",67371.0,164092.0,ACS 2017 5-year,DFW Composite,Ellis TX
2018,2018-12-31,48139,"Ellis County, Texas",72213.0,168838.0,ACS 2018 5-year,DFW Composite,Ellis TX
2019,2019-12-31,48139,"Ellis County, Texas",76871.0,173772.0,ACS 2019 5-year,DFW Composite,Ellis TX
2020,2020-12-31,48139,"Ellis County, Texas",79834.0,179484.0,ACS 2020 5-year,DFW Composite,Ellis TX
2021,2021-12-31,48139,"Ellis County, Texas",85272.0,187984.0,ACS 2021 5-year,DFW Composite,Ellis TX
2022,2022-12-31,48139,"Ellis County, Texas",93248.0,195509.0,ACS 2022 5-year,DFW Composite,Ellis TX
2023,2023-12-31,48139,"Ellis County, Texas",95898.0,203927.0,ACS 2023 5-year,DFW Composite,Ellis TX
2024,2024-12-31,48139,"Ellis County, Texas",99595.0,213160.0,ACS 2024 5-year,DFW Composite,Ellis TX
2009,2009-12-31,48251,"Johnson County, Texas",53444.0,150077.0,ACS 2009 5-year,DFW Composite,Johnson TX
2010,2010-12-31,48251,"Johnson County, Texas",54954.0,147611.0,ACS 2010 5-year,DFW Composite,Johnson TX
2011,2011-12-31,48251,"Johnson County, Texas",55970.0,149681.0,ACS 2011 5-year,DFW Composite,Johnson TX
2012,2012-12-31,48251,"Johnson County, Texas",57016.0,151174.0,ACS 2012 5-year,DFW Composite,Johnson TX
2013,2013-12-31,48251,"Johnson County, Texas",57535.0,152384.0,ACS 2013 5-year,DFW Composite,Johnson TX
2014,2014-12-31,48251,"Johnson County, Texas",58221.0,153854.0,ACS 2014 5-year,DFW Composite,Johnson TX
2015,2015-12-31,48251,"Johnson County, Texas",58135.0,155450.0,ACS 2015 5-year,DFW Composite,Johnson TX
2016,2016-12-31,48251,"Johnson County, Texas",59095.0,157544.0,ACS 2016 5-year,DFW Composite,Johnson TX
2017,2017-12-31,48251,"Johnson County, Texas",60458.0,160173.0,ACS 2017 5-year,DFW Composite,Johnson TX
2018,2018-12-31,48251,"Johnson County, Texas",62066.0,163475.0,ACS 2018 5-year,DFW Composite,Johnson TX
2019,2019-12-31,48251,"Johnson County, Texas",64359.0,167212.0,ACS 2019 5-year,DFW Composite,Johnson TX
2020,2020-12-31,48251,"Johnson County, Texas",65311.0,171359.0,ACS 2020 5-year,DFW Composite,Johnson TX
2021,2021-12-31,48251,"Johnson County, Texas",70767.0,177022.0,ACS 2021 5-year,DFW Composite,Johnson TX
2022,2022-12-31,48251,"Johnson County, Texas",77058.0,182690.0,ACS 2022 5-year,DFW Composite,Johnson TX
2023,2023-12-31,48251,"Johnson County, Texas",81826.0,188820.0,ACS 2023 5-year,DFW Composite,Johnson TX
2024,2024-12-31,48251,"Johnson County, Texas",84859.0,195597.0,ACS 2024 5-year,DFW Composite,Johnson TX
2009,2009-12-31,48367,"Parker County, Texas",61415.0,108324.0,ACS 2009 5-year,DFW Composite,Parker TX
2010,2010-12-31,48367,"Parker County, Texas",61340.0,112158.0,ACS 2010 5-year,DFW Composite,Parker TX
2011,2011-12-31,48367,"Parker County, Texas",63725.0,114764.0,ACS 2011 5-year,DFW Composite,Parker TX
2012,2012-12-31,48367,"Parker County, Texas",65299.0,116820.0,ACS 2012 5-year,DFW Composite,Parker TX
2013,2013-12-31,48367,"Parker County, Texas",64515.0,118478.0,ACS 2013 5-year,DFW Composite,Parker TX
2014,2014-12-31,48367,"Parker County, Texas",64979.0,119784.0,ACS 2014 5-year,DFW Composite,Parker TX
2015,2015-12-31,48367,"Parker County, Texas",67288.0,121418.0,ACS 2015 5-year,DFW Composite,Parker TX
2016,2016-12-31,48367,"Parker County, Texas",67979.0,123601.0,ACS 2016 5-year,DFW Composite,Parker TX
2017,2017-12-31,48367,"Parker County, Texas",70608.0,125963.0,ACS 2017 5-year,DFW Composite,Parker TX
2018,2018-12-31,48367,"Parker County, Texas",74625.0,129802.0,ACS 2018 5-year,DFW Composite,Parker TX
2019,2019-12-31,48367,"Parker County, Texas",77503.0,133811.0,ACS 2019 5-year,DFW Composite,Parker TX
2020,2020-12-31,48367,"Parker County, Texas",84189.0,138447.0,ACS 2020 5-year,DFW Composite,Parker TX
2021,2021-12-31,48367,"Parker County, Texas",88535.0,144803.0,ACS 2021 5-year,DFW Composite,Parker TX
2022,2022-12-31,48367,"Parker County, Texas",95721.0,151188.0,ACS 2022 5-year,DFW Composite,Parker TX
2023,2023-12-31,48367,"Parker County, Texas",102099.0,158079.0,ACS 2023 5-year,DFW Composite,Parker TX
2024,2024-12-31,48367,"Parker County, Texas",104443.0,165168.0,ACS 2024 5-year,DFW Composite,Parker TX
2009,2009-12-31,48497,"Wise County, Texas",55703.0,57615.0,ACS 2009 5-year,DFW Composite,Wise TX
2010,2010-12-31,48497,"Wise County, Texas",55207.0,58054.0,ACS 2010 5-year,DFW Composite,Wise TX
2011,2011-12-31,48497,"Wise County, Texas",57511.0,58703.0,ACS 2011 5-year,DFW Composite,Wise TX
2012,2012-12-31,48497,"Wise County, Texas",55492.0,59351.0,ACS 2012 5-year,DFW Composite,Wise TX
2013,2013-12-31,48497,"Wise County, Texas",56005.0,59894.0,ACS 2013 5-year,DFW Composite,Wise TX
2014,2014-12-31,48497,"Wise County, Texas",56338.0,60413.0,ACS 2014 5-year,DFW Composite,Wise TX
2015,2015-12-31,48497,"Wise County, Texas",56897.0,61243.0,ACS 2015 5-year,DFW Composite,Wise TX
2016,2016-12-31,48497,"Wise County, Texas",56396.0,62089.0,ACS 2016 5-year,DFW Composite,Wise TX
2017,2017-12-31,48497,"Wise County, Texas",59081.0,63247.0,ACS 2017 5-year,DFW Composite,Wise TX
2018,2018-12-31,48497,"Wise County, Texas",61709.0,64639.0,ACS 2018 5-year,DFW Composite,Wise TX
2019,2019-12-31,48497,"Wise County, Texas",64536.0,66290.0,ACS 2019 5-year,DFW Composite,Wise TX
2020,2020-12-31,48497,"Wise County, Texas",67726.0,67884.0,ACS 2020 5-year,DFW Composite,Wise TX
2021,2021-12-31,48497,"Wise County, Texas",75482.0,67877.0,ACS 2021 5-year,DFW Composite,Wise TX
2022,2022-12-31,48497,"Wise County, Texas",85385.0,70062.0,ACS 2022 5-year,DFW Composite,Wise TX
2023,2023-12-31,48497,"Wise County, Texas",89897.0,72359.0,ACS 2023 5-year,DFW Composite,Wise TX
2024,2024-12-31,48497,"Wise County, Texas",93421.0,75005.0,ACS 2024 5-year,DFW Composite,Wise TX
2009,2009-12-31,48231,"Hunt County, Texas",42894.0,82204.0,ACS 2009 5-year,DFW Composite,Hunt TX
2010,2010-12-31,48231,"Hunt County, Texas",43101.0,84836.0,ACS 2010 5-year,DFW Composite,Hunt TX
2011,2011-12-31,48231,"Hunt County, Texas",45253.0,85390.0,ACS 2011 5-year,DFW Composite,Hunt TX
2012,2012-12-31,48231,"Hunt County, Texas",45170.0,85955.0,ACS 2012 5-year,DFW Composite,Hunt TX
2013,2013-12-31,48231,"Hunt County, Texas",44858.0,86455.0,ACS 2013 5-year,DFW Composite,Hunt TX
2014,2014-12-31,48231,"Hunt County, Texas",44898.0,87256.0,ACS 2014 5-year,DFW Composite,Hunt TX
2015,2015-12-31,48231,"Hunt County, Texas",45197.0,88052.0,ACS 2015 5-year,DFW Composite,Hunt TX
2016,2016-12-31,48231,"Hunt County, Texas",45643.0,89068.0,ACS 2016 5-year,DFW Composite,Hunt TX
2017,2017-12-31,48231,"Hunt County, Texas",49319.0,90322.0,ACS 2017 5-year,DFW Composite,Hunt TX
2018,2018-12-31,48231,"Hunt County, Texas",51928.0,92152.0,ACS 2018 5-year,DFW Composite,Hunt TX
2019,2019-12-31,48231,"Hunt County, Texas",54959.0,94162.0,ACS 2019 5-year,DFW Composite,Hunt TX
2020,2020-12-31,48231,"Hunt County, Texas",57467.0,96202.0,ACS 2020 5-year,DFW Composite,Hunt TX
2021,2021-12-31,48231,"Hunt County, Texas",61053.0,98783.0,ACS 2021 5-year,DFW Composite,Hunt TX
2022,2022-12-31,48231,"Hunt County, Texas",66885.0,101596.0,ACS 2022 5-year,DFW Composite,Hunt TX
2023,2023-12-31,48231,"Hunt County, Texas",70112.0,104917.0,ACS 2023 5-year,DFW Composite,Hunt TX
2024,2024-12-31,48231,"Hunt County, Texas",71938.0,108972.0,ACS 2024 5-year,DFW Composite,Hunt TX
