market,horizon_months,horizon_label,simulations,entry_score_mean,entry_score_median,entry_score_p10,entry_score_p90,growth_mean_pct,growth_p10_pct,growth_p90_pct,mortgage_mean,payment_to_income_mean,prob_neutral_or_better,prob_slight_buy_or_better,prob_buy_or_better,prob_strong_buy
DFW Composite,0,Today,2000,45.94483048780487,46.2451219512195,42.98853658536585,48.26,0.7771038078617001,0.49584688362337254,0.8888068717250039,6.7884615384615365,0.1906998935474292,0.132,0.0,0.0,0.0
DFW Composite,6,6 months,2000,46.430243902439024,46.83963414634147,41.529999999999994,50.72902439024391,0.7680934901504084,0.49164899930625905,0.8696522794363057,6.672305303399213,0.18682297083299707,0.356,0.0,0.0,0.0
DFW Composite,12,12 months,2000,46.993267682926835,47.286585365853654,41.235,52.09914634146342,0.8059695213661319,0.506353004425961,0.8955822102542168,6.57938368196437,0.18376305977020865,0.44,0.0,0.0,0.0
DFW Composite,18,18 months,2000,47.17297926829268,47.421341463414635,40.59439024390244,53.236707317073176,0.8583522989222787,0.4884537081313805,0.9448192515630409,6.450299758474483,0.1803073567849015,0.457,0.0,0.0,0.0
DFW Composite,24,24 months,2000,47.204782317073175,47.761585365853655,39.68792682926829,53.96975609756098,0.8766598618612395,0.46610930240402876,0.9712393858785522,6.360711702748203,0.1772744180545563,0.4875,0.0025,0.0,0.0
DFW Composite,30,30 months,2000,47.21413841463414,47.72743902439024,38.995000000000005,54.28841463414634,1.072437636699563,0.45402719104763406,2.8839464736569496,6.278326867242684,0.17530904171996492,0.483,0.013,0.0,0.0
DFW Composite,36,36 months,2000,47.593755487804884,47.84817073170731,38.47743902439024,55.4098780487805,1.44340832231544,0.4260078426972987,3.0151712249651434,6.173328006606544,0.17260473312293373,0.489,0.036,0.001,0.0
Wichita Composite,0,Today,2000,52.72603902439024,52.49390243902439,51.10121951219512,54.950975609756085,3.324019148294087,2.898248905655838,5.051355182383581,6.7884615384615365,0.17455735288995108,0.9965,0.0,0.0,0.0
Wichita Composite,6,6 months,2000,53.13496097560976,53.22378048780487,49.00292682926829,56.93390243902439,3.335166478732684,2.8917672868987085,5.0427575661149895,6.694538879783102,0.172353496789729,0.956,0.0135,0.0,0.0
Wichita Composite,12,12 months,2000,53.77971890243902,53.880487804878044,48.52097560975609,58.70768292682928,3.382836132001703,2.896808008227123,5.063805769365718,6.5913735609026425,0.17014557319719506,0.9245,0.0545,0.0,0.0
Wichita Composite,18,18 months,2000,54.07734634146342,54.21951219512195,47.88841463414634,59.917560975609746,3.418282437883118,2.883216044510376,5.097749924474288,6.4594515568367274,0.16750640667825684,0.897,0.0965,0.0,0.0
Wichita Composite,24,24 months,2000,53.96391646341463,54.515853658536585,46.5369512195122,60.709634146341465,3.463093199490055,2.8792972261662695,5.133636412178338,6.364382281832292,0.16599882357436696,0.849,0.1265,0.0,0.0
Wichita Composite,30,30 months,2000,53.94869756097561,54.32317073170732,45.98012195121951,61.47560975609756,3.593139103115066,2.8560289920465793,5.18102651593927,6.264188684787148,0.16460070847464506,0.8285,0.159,0.0005,0.0
Wichita Composite,36,36 months,2000,54.09448719512196,54.279268292682936,45.094146341463414,62.784268292682924,3.9669156652318245,2.8373679490262,5.333404534311598,6.14357582674539,0.1622895812570186,0.808,0.193,0.0025,0.0
