date,market,actual_12m_growth,walk_forward_predicted_12m_growth,error,absolute_error,direction_correct
2015-03-31,Wichita Composite,0.018760552810956233,0.016190019315379583,-0.002570533495576649,0.002570533495576649,True
2015-06-30,Wichita Composite,0.031523642732048884,0.021411275795338816,-0.010112366936710068,0.010112366936710068,True
2015-09-30,Wichita Composite,0.03780238817051296,0.024006057118424236,-0.01379633105208872,0.01379633105208872,True
2015-12-31,Wichita Composite,0.053637215110833525,0.024032972997080668,-0.029604242113752857,0.029604242113752857,True
2016-03-31,Wichita Composite,0.019458596771223524,0.02611271845782684,0.006654121686603315,0.006654121686603315,True
2016-06-30,Wichita Composite,0.0393524132912928,0.02109118202991314,-0.018261231261379657,0.018261231261379657,True
2016-09-30,Wichita Composite,0.04256587576010484,0.026888309122998492,-0.01567756663710635,0.01567756663710635,True
2016-12-31,Wichita Composite,0.02820907905653658,0.03505089411774191,0.0068418150612053336,0.0068418150612053336,True
2017-03-31,Wichita Composite,0.057442196531791945,0.0347299990440422,-0.022712197487749747,0.022712197487749747,True
2017-06-30,Wichita Composite,0.03570386791902469,0.0374656040349584,0.001761736115933707,0.001761736115933707,True
2017-09-30,Wichita Composite,0.03259377859103396,0.03170612678671598,-0.0008876518043179835,0.0008876518043179835,True
2017-12-31,Wichita Composite,0.033948126801152556,0.039373300240067195,0.005425173438914639,0.005425173438914639,True
2018-03-31,Wichita Composite,0.03057738298599255,0.03194051834534806,0.0013631353593555051,0.0013631353593555051,True
2018-06-30,Wichita Composite,0.0527798118627838,0.029802744083129953,-0.022977067779653845,0.022977067779653845,True
2018-09-30,Wichita Composite,0.03588437257725108,0.03530765788038027,-0.0005767146968708101,0.0005767146968708101,True
2018-12-31,Wichita Composite,0.04816321980043492,0.03286305014168593,-0.015300169658748988,0.015300169658748988,True
2019-03-31,Wichita Composite,0.05922979170119902,0.03418564526356091,-0.02504414643763811,0.02504414643763811,True
2019-06-30,Wichita Composite,0.04173354735152479,0.03770723073169227,-0.004026316619832521,0.004026316619832521,True
2019-09-30,Wichita Composite,0.06420399871698912,0.03875304792305987,-0.02545095079392925,0.02545095079392925,True
2019-12-31,Wichita Composite,0.07823219698984207,0.045225064624390215,-0.03300713236545186,0.03300713236545186,True
2020-03-31,Wichita Composite,0.07558291168953102,0.05009742377941686,-0.02548548791011416,0.02548548791011416,True
2020-06-30,Wichita Composite,0.13045711350796108,0.013349541786580817,-0.11710757172138025,0.11710757172138025,True
2020-09-30,Wichita Composite,0.1405535741196564,0.05816674104003049,-0.08238683307962592,0.08238683307962592,True
2020-12-31,Wichita Composite,0.1405741343592779,0.08523752651809988,-0.055336607841178026,0.055336607841178026,True
2021-03-31,Wichita Composite,0.1621241513094085,0.10231422648283225,-0.05980992482657624,0.05980992482657624,True
2021-06-30,Wichita Composite,0.163789186733303,0.11664081167987628,-0.04714837505342673,0.04714837505342673,True
2021-09-30,Wichita Composite,0.14336049328341782,0.11274035449916203,-0.03062013878425579,0.03062013878425579,True
2021-12-31,Wichita Composite,0.11498875627054139,0.13452382309866628,0.019535066828124892,0.019535066828124892,True
2022-03-31,Wichita Composite,0.08817760714434741,0.12750935646974534,0.03933174932539793,0.03933174932539793,True
2022-06-30,Wichita Composite,0.0519617411672848,0.10415132946441329,0.052189588297128484,0.052189588297128484,True
2022-09-30,Wichita Composite,0.0708397534668721,0.06960718214949882,-0.0012325713173732822,0.0012325713173732822,True
2022-12-31,Wichita Composite,0.08032424465733246,0.06741313354663775,-0.012911111110694706,0.012911111110694706,True
2023-03-31,Wichita Composite,0.07593189139438561,0.07223539934727922,-0.003696492047106384,0.003696492047106384,True
2023-06-30,Wichita Composite,0.07964076300749667,0.07103096377216829,-0.008609799235328383,0.008609799235328383,True
2023-09-30,Wichita Composite,0.05597323644735419,0.06735018860464659,0.011376952157292397,0.011376952157292397,True
2023-12-31,Wichita Composite,0.049508149637394805,0.06729176070857484,0.01778361107118004,0.01778361107118004,True
2024-03-31,Wichita Composite,0.05603079555175361,0.06736388774778115,0.011333092196027544,0.011333092196027544,True
2024-06-30,Wichita Composite,0.028358311563316363,0.05078272879178222,0.02242441722846586,0.02242441722846586,True
2024-09-30,Wichita Composite,0.03246465678759991,0.03651457771265199,0.004049920925052082,0.004049920925052082,True
2024-12-31,Wichita Composite,0.03670509355864948,0.03327098544640029,-0.0034341081122491943,0.0034341081122491943,True
2025-03-31,Wichita Composite,0.04894019171054409,0.03118174594637462,-0.01775844576416947,0.01775844576416947,True
2025-06-30,Wichita Composite,0.04539225189691476,0.03739575333557401,-0.00799649856134075,0.00799649856134075,True
2015-03-31,DFW Composite,0.09871075238339944,0.08266747261945698,-0.01604327976394246,0.01604327976394246,True
2015-06-30,DFW Composite,0.10008540060062532,0.08107001099092186,-0.019015389609703462,0.019015389609703462,True
2015-09-30,DFW Composite,0.09351509492685972,0.08749373636979613,-0.006021358557063594,0.006021358557063594,True
2015-12-31,DFW Composite,0.09691180698732249,0.08677130588639173,-0.01014050110093076,0.01014050110093076,True
2016-03-31,DFW Composite,0.10069652892801084,0.08995757149577945,-0.010738957432231397,0.010738957432231397,True
2016-06-30,DFW Composite,0.10469911622019201,0.09184453347724232,-0.012854582742949691,0.012854582742949691,True
2016-09-30,DFW Composite,0.0996190654009832,0.0966012946707857,-0.0030177707301975026,0.0030177707301975026,True
2016-12-31,DFW Composite,0.09441858172743034,0.09600824227523792,0.0015896605478075837,0.0015896605478075837,True
2017-03-31,DFW Composite,0.0890398806668462,0.09385289048565891,0.004813009818812705,0.004813009818812705,True
2017-06-30,DFW Composite,0.07200589198588614,0.09122666838114088,0.01922077639525474,0.01922077639525474,True
2017-09-30,DFW Composite,0.06632376266736228,0.07637189185846234,0.010048129191100055,0.010048129191100055,True
2017-12-31,DFW Composite,0.056288381233112306,0.07420990458355571,0.017921523350443405,0.017921523350443405,True
2018-03-31,DFW Composite,0.04746503830550686,0.06550836643148157,0.018043328125974714,0.018043328125974714,True
2018-06-30,DFW Composite,0.04437138891896408,0.05618410158463163,0.011812712665667545,0.011812712665667545,True
2018-09-30,DFW Composite,0.04029990445934084,0.05265971584602342,0.01235981138668258,0.01235981138668258,True
2018-12-31,DFW Composite,0.046384040866791265,0.04529635223929108,-0.001087688627500187,0.001087688627500187,True
2019-03-31,DFW Composite,0.04431762758599489,0.05370698098913026,0.009389353403135368,0.009389353403135368,True
2019-06-30,DFW Composite,0.030471702558786173,0.05025340171329517,0.019781699154508996,0.019781699154508996,True
2019-09-30,DFW Composite,0.03634381585799962,0.04265594420681244,0.006312128348812826,0.006312128348812826,True
2019-12-31,DFW Composite,0.050956286936085116,0.05304120936027592,0.0020849224241908035,0.0020849224241908035,True
2020-03-31,DFW Composite,0.06933325488263664,0.03669150919501148,-0.03264174568762516,0.03264174568762516,True
2020-06-30,DFW Composite,0.1301265248559058,0.04713484304142766,-0.08299168181447815,0.08299168181447815,True
2020-09-30,DFW Composite,0.18961358965537745,0.07014961295018486,-0.11946397670519258,0.11946397670519258,True
2020-12-31,DFW Composite,0.21415342213732247,0.10791731056435942,-0.10623611157296305,0.10623611157296305,True
2021-03-31,DFW Composite,0.2505270180578911,0.12236059889739205,-0.1281664191604991,0.1281664191604991,True
2021-06-30,DFW Composite,0.276122881698849,0.15297724622156453,-0.12314563547728449,0.12314563547728449,True
2021-09-30,DFW Composite,0.22116167871386216,0.191276267139919,-0.02988541157394317,0.02988541157394317,True
2021-12-31,DFW Composite,0.144347104175375,0.20993604826188192,0.06558894408650692,0.06558894408650692,True
2022-03-31,DFW Composite,0.08823359559120769,0.1937059073631976,0.1054723117719899,0.1054723117719899,True
2022-06-30,DFW Composite,0.01671556149142539,0.10960641840377024,0.09289085691234485,0.09289085691234485,True
2022-09-30,DFW Composite,0.0036353446758070618,0.052637279791977555,0.04900193511617049,0.04900193511617049,True
2022-12-31,DFW Composite,0.015522940061843293,0.0282136636925296,0.012690723630686306,0.012690723630686306,True
2023-03-31,DFW Composite,0.027171852967487364,0.025598619372868905,-0.001573233594618459,0.001573233594618459,True
2023-06-30,DFW Composite,0.02600030438893941,0.02410851339418389,-0.0018917909947555218,0.0018917909947555218,True
2023-09-30,DFW Composite,0.01899666196393146,0.02446910847665735,0.005472446512725888,0.005472446512725888,True
2023-12-31,DFW Composite,0.03919518911931674,0.01635796812354568,-0.02283722099577106,0.02283722099577106,True
2024-03-31,DFW Composite,0.015502817519918333,0.017733436987432478,0.002230619467514145,0.002230619467514145,True
2024-06-30,DFW Composite,0.009040085209034432,0.01368759246609579,0.004647507257061359,0.004647507257061359,True
2024-09-30,DFW Composite,0.007099601738529415,0.009758066759423473,0.002658465020894058,0.002658465020894058,True
2024-12-31,DFW Composite,-0.0010179456486729688,0.008630144284993478,0.009648089933666447,0.009648089933666447,False
2025-03-31,DFW Composite,0.012847161656685202,0.003943962422019207,-0.008903199234665995,0.008903199234665995,True
2025-06-30,DFW Composite,0.005736953281366031,0.0037897894508051176,-0.001947163830560913,0.001947163830560913,True
