feature,importance
mortgage_30yr,0.5028056119303312
zillow_zhvi_yoy,0.11732471896292268
composite_county_hpi_yoy,0.053085789273499266
fed_funds,0.041137583477076425
national_payroll_growth_yoy,0.03520170381937111
composite_active_listings_yoy,0.03010714645335134
ten_year,0.023740316630017546
realtor_active_listings_yoy,0.020100537832619537
hpi_momentum_4q,0.015177817848366333
building_permits,0.015130383945160614
hpi_yoy,0.012728398864124567
realtor_price_reduction_change_1yr,0.00981128522485441
rent_to_price_ratio_change_1yr,0.00790503073669237
consumer_sentiment,0.00787802025266282
composite_county_permits_yoy,0.007117311032779058
realtor_price_reduction_share,0.007100469593731073
housing_starts,0.006664488574131629
metro_payroll_growth_yoy,0.006355868294755569
rent_to_price_ratio,0.005277733670278584
realtor_new_listings,0.0050670579146216334
realtor_dom_change_1yr,0.004529867414294711
zillow_zhvi_3yr_growth,0.0038716711140575144
hpi_5yr_growth,0.0036224203503910754
metro_unemployment,0.0031047313421802536
zillow_zhvi,0.0031037541967828463
composite_county_median_listing_price,0.0028963265930937996
estimated_home_price,0.0026435190690526186
hpi_qoq,0.0024207742551094875
realtor_active_listings,0.0023016314677693508
metro_unemployment_change_1yr,0.0022189727145175532
permits_growth_yoy,0.002193449063094914
estimated_monthly_pi_payment,0.00207575075757377
metro_labor_force_growth_yoy,0.0020112183382379376
months_supply,0.002005091821473526
realtor_median_listing_price,0.00193307575985168
zillow_zori,0.0018913746227111469
months_supply_change_1yr,0.0018570816673729462
starts_growth_yoy,0.0018259600322416926
payment_to_income_ratio,0.001739594767789906
inflation_yoy,0.001699465818113104
hpi_3yr_growth,0.0015596201502497474
new_home_sales_yoy,0.0014806721291647077
hpi_volatility_2yr,0.0014754788457790188
payment_to_income_change_1yr,0.001465155765989456
composite_county_permits,0.0013822174822616638
national_unemployment,0.0012138737730971684
yield_curve,0.0012007071896648171
composite_county_hpi_norm,0.00119771933590042
realtor_median_days_on_market,0.0009521111966871616
mortgage_change_1q,0.0009515084572824745
realtor_new_listings_yoy,0.0008988342814984408
ten_year_change_4q,0.0008810234251648377
national_unemployment_change_1yr,0.0008120582843245128
composite_county_active_listings,0.0007761536056685194
mortgage_spread,0.0007438268440793549
inflation_trend,0.0007403390514907114
consumer_sentiment_change,0.0005827460733857775
zillow_zori_yoy,0.0005705986671294227
realtor_listing_price_yoy,0.00043922396650820857
mortgage_change_4q,0.0004352586473643152
composite_listing_price_yoy,0.00034844933231775927
median_household_income,0.00022941799793390697
